Date,Home OPS 1,Home OPS 2,Home OPS 3,Home OPS 4,Home OPS 5,Home OPS 6,Home OPS 7,Home OPS 8,Home OPS 9,Home Pitcher ERA,Visit OPS 1,Visit OPS 2,Visit OPS 3,Visit OPS 4,Visit OPS 5,Visit OPS 6,Visit OPS 7,Visit OPS 8,Visit OPS 9,Visit Pitcher ERA,Visit Team,Home Team
0807,0.616,0.716,0.807,1.25,0.755,0.545,0.696,0.979,0.67,7.2,0.888,0.692,0.986,0.996,0.726,0.802,1.112,0.334,0.38,5.63,BAL,WSH
0807,0.75,0.98,0.625,0.606,0.951,0.593,0.808,0.465,0.392,5.4,1.037,1.199,0.758,1.001,0.912,0.406,1.053,0.402,0.85,3.38,NYY,TB
0807,0.581,0.501,0.589,0.892,0.584,0.839,0.465,0.407,0.609,1.8,0.545,0.756,0.65,0.782,0.646,0.364,0.625,0.759,1.212,7.2,DET,PIT
0807,0.393,0.621,0.72,0.959,1.048,0.966,0.678,0.685,0.591,11.57,0.544,0.697,0.799,0.588,0.588,0.568,0.775,1.001,0.64,1.8,TOR,BOS
0807,0.906,0.857,0.771,0.73,0.668,0.602,0.763,0.481,0.733,4.15,0.886,0.706,0.642,0.833,0.649,0.732,0.54,0.572,0.548,11.57,MIN,KC
0807,0.886,0.893,0.734,0.848,0.961,0.941,0.649,0.167,0.888,6.48,0.812,1.015,0.724,0.624,0.485,0.735,0.307,0.304,0.833,3.75,CLE,CHW
0807,.375,0.751,0.561,0.333,0.429,0.775,0.631,0.75,0.735,0.0,0.795,1.212,0.45,0.311,0.954,0.455,0.552,0.289,0.343,0.68,CIN,MIL
0807,0.827,0.565,0.542,0.925,,0.542,0.861,0.405,1.75,6.0,0.939,1.033,0.719,0.662,.744,0.594,0.768,0.443,0.925,3.38,LAA,TEX
0807,0.439,0.945,0.858,0.627,0.829,0.587,0.624,0.626,0.723,0.93,0.624,0.692,0.818,1.047,0.798,1.084,0.748,0.333,0.622,5.0,HOU,OAK
0807,1.047,0.99,0.662,0.677,1.075,1.109,0.347,0.351,0.407,4.5,0.844,0.755,0.941,0.807,0.502,0.735,0.795,0.302,0.386,14.73,ARI,SD
0807,0.909,0.88,0.516,0.695,1.008,0.725,0.768,1.141,0.708,2.45,0.633,1.105,1.153,0.762,0.783,0.836,0.714,0.93,0.714,9.31,SF,LAD
0807,0.632,0.989,1.016,0.899,.849,.573,0.732,0.374,0.323,4.66,0.741,1.04,0.974,0.716,0.976,0.937,0.743,0.804,,2.45,COL,SEA
0808,0.865,0.792,0.686,0.647,0.639,0.884,0.882,0.739,0.974,0.0,0.799,0.946,0.677,0.66,0.55,0.583,0.091,0.077,0.875,1.8,CLE,CHW
0808,0.628,0.55,0.805,0.578,0.674,0.86,0.741,0.539,0.366,3.12,1.025,1.099,0.45,0.939,0.368,0.871,1.015,0.401,0.91,2.55,NYY,TB
0808,0.543,0.478,0.622,0.429,0.659,0.966,0.929,.212,0.531,4.76,0.634,0.681,0.651,0.872,0.501,0.6,0.681,0.125,1.19,4.22,DET,PIT
0808,0.453,0.972,0.648,0.726,0.786,0.589,0.573,0.69,,2.25,0.635,0.656,0.786,0.938,0.712,1.048,0.752,0.353,1.167,2.53,HOU,OAK
0808,0.39,0.569,1.014,1.093,0.888,0.432,0.993,0.269,1.231,5.4,0.737,0.815,0.77,0.935,1.013,1.0,1.172,0.577,0.182,7.5,ATL,PHI
0808,0.554,0.661,0.878,0.625,0.773,0.648,0.786,0.532,0.669,3.6,0.916,0.721,1.124,0.936,1.069,1.444,0.78,0.45,0.465,2.7,BAL,WSH
0808,0.872,0.798,0.753,0.688,0.674,0.594,0.775,0.517,0.899,4.11,0.508,0.846,1.007,0.612,0.764,0.84,0.529,0.676,0.488,,MIN,KC
0808,0.497,0.876,0.886,0.912,0.469,0.599,,0.393,0.774,2.25,0.918,1.077,0.625,0.636,0.643,0.545,0.5,1.226,0.476,2.25,LAA,TEX
0808,0.738,0.686,0.63,0.599,0.75,0.742,0.544,.542,0.703,6.0,0.283,1.251,0.857,0.489,0.695,0.769,0.629,0.742,0.541,0.0,CIN,MIL
0808,0.622,0.776,0.835,0.626,0.881,0.579,0.89,0.347,0.0,3.86,0.701,0.477,0.979,0.635,0.964,0.837,0.143,0.455,0.2,,MIA,NYM
0808,0.927,0.586,0.664,1.023,1.153,0.877,0.37,0.647,0.674,6.14,0.665,0.703,0.69,1.024,0.714,0.664,0.607,0.594,0.55,,TOR,BOS
0808,0.85,0.983,0.528,0.727,0.765,1.024,0.745,0.624,0.282,0.0,0.768,1.098,1.081,0.665,0.88,0.2,0.733,0.941,0.668,4.97,SF,LAD
0808,1.063,0.946,0.627,0.641,1.583,1.039,1.225,0.2,0.749,2.65,0.785,0.693,0.903,0.758,0.501,0.694,0.262,0.404,0.404,2.63,ARI,SD
0808,0.79,0.6,0.98,0.924,.500,0.412,0.706,0.4,0.258,5.4,0.889,0.94,1.081,0.673,1.022,0.965,0.598,0.677,0.236,,COL,SEA
0809,0.536,0.6,0.827,1.144,0.794,0.667,0.883,0.091,0.721,,0.888,0.759,1.027,0.867,0.726,0.46,1.264,0.808,0.0,5.4,BAL,WSH
0809,1.0,0.531,1.052,0.902,0.53,1.191,0.375,0.67,1.0,12.0,0.71,0.76,0.713,0.867,0.875,0.641,0.429,0.983,0.566,,ATL,PHI
0809,0.745,0.781,0.69,0.934,0.921,0.872,0.612,0.667,0.764,2.12,0.608,0.434,0.703,0.949,0.967,0.533,1.0,0.0,0.452,0.0,MIA,NYM
0809,0.63,0.647,0.823,0.688,.750,0.881,0.323,0.74,0.439,5.52,0.929,1.138,0.739,0.852,0.42,0.635,1.059,0.42,0.794,13.5,NYY,TB
0809,0.883,0.543,0.639,1.045,1.123,0.845,0.361,0.586,0.444,3.94,0.627,0.773,0.681,0.957,0.727,0.691,0.663,0.561,0.583,5.91,TOR,BOS
0809,0.498,0.613,0.579,0.811,0.634,0.5,0.813,.345,0.45,7.2,0.73,0.739,0.812,1.005,0.7,0.726,0.638,0.739,1.168,2.45,DET,PIT
0809,0.858,0.898,0.846,,0.651,0.573,0.782,0.669,0.25,4.8,0.897,0.714,1.007,0.732,0.935,0.553,0.582,0.817,0.8,4.8,MIN,KC
0809,0.713,0.658,0.576,0.492,0.689,0.417,.600,0.727,0.701,2.08,,1.171,0.794,0.57,0.628,0.414,0.438,0.719,0.111,0.96,CIN,MIL
0809,0.816,0.838,0.936,0.965,0.557,0.426,0.459,0.627,1.222,0.49,0.932,.778,1.027,0.57,0.595,0.84,0.364,0.738,0.429,2.35,LAA,TEX
0809,0.8,0.911,0.514,0.787,0.717,0.929,0.651,0.864,0.669,5.19,1.128,0.848,1.127,0.697,0.701,0.475,0.439,0.98,0.582,5.27,SF,LAD
0809,0.53,0.938,0.731,0.72,0.772,0.769,0.715,0.816,0.61,2.31,0.616,0.709,0.768,0.859,0.749,1.026,0.644,0.3,0.617,1.42,HOU,OAK
0809,1.191,0.636,0.653,0.55,0.959,0.915,0.416,0.299,0.807,1.72,0.767,0.666,0.996,0.741,0.739,1.171,0.167,0.48,0.38,7.04,ARI,SD
0809,0.77,0.86,0.941,0.902,.489,0.39,0.653,0.392,0.205,9.39,0.822,0.927,1.154,0.895,0.578,1.25,0.684,0.811,0.671,1.89,COL,SEA
0809,0.332,0.531,1.052,1.178,0.53,0.902,2.092,0.233,0.67,,0.71,0.76,0.713,0.867,0.966,0.875,1.021,0.529,0.641,2.04,ATL,PHI
0809,0.852,0.878,0.661,0.674,0.728,0.771,0.876,0.919,0.629,5.17,0.755,0.903,0.701,0.663,0.638,0.746,0.311,0.259,0.772,0.83,CLE,CHW
0810,1.639,0.67,,1.03,0.747,0.467,1.042,0.273,0.618,3.97,,0.771,0.934,0.891,1.008,0.747,0.982,0.525,0.55,6.57,ATL,PHI
0810,0.671,0.71,,0.914,0.661,0.724,0.633,0.802,1.139,,0.777,0.879,0.67,0.708,,0.736,1.127,0.588,0.977,2.55,CHW,DET
0810,0.802,0.802,0.596,0.993,0.749,1.0,0.622,0.605,0.0,9.0,,0.939,0.621,0.706,0.816,0.542,0.318,0.52,0.398,3.78,TB,BOS
0810,0.686,0.764,0.754,0.525,0.608,0.763,,0.557,0.633,0.75,0.912,0.667,1.007,0.715,0.855,0.576,0.426,0.779,0.806,0.6,MIN,MIL
0810,0.825,0.898,1.187,0.614,1.018,0.852,0.606,0.711,0.492,3.31,0.735,0.731,0.958,0.712,0.687,0.488,0.841,0.272,0.469,9.45,ARI,COL
0810,0.609,0.729,0.743,0.879,0.854,0.956,0.597,0.568,0.261,9.22,1.113,0.783,1.111,0.598,0.828,0.398,0.983,0.798,0.603,2.13,SF,HOU
0810,0.782,0.642,,0.887,0.901,0.434,0.83,0.516,0.355,2.45,0.753,0.935,0.936,0.868,.983,0.562,0.368,.438,0.654,6.43,SEA,TEX
0810,0.908,.839,0.958,0.569,0.666,0.674,0.431,1.096,0.267,6.75,0.539,0.924,0.77,0.798,0.753,0.937,0.648,0.598,0.572,8.03,OAK,LAA
0810,0.727,0.935,0.513,0.769,0.714,0.711,0.569,1.169,0.825,2.63,1.226,0.903,0.757,0.621,1.152,1.017,1.201,0.182,0.488,5.4,SD,LAD
0811,0.699,0.815,0.554,0.941,0.751,0.676,0.582,0.377,0.519,5.14,0.537,0.501,1.036,0.661,0.956,0.712,0.111,0.872,0.347,0.0,MIA,TOR
0811,0.781,1.103,0.731,0.586,0.708,0.808,0.666,0.433,0.499,4.76,0.859,0.925,0.855,0.5,0.759,0.632,0.81,0.532,0.716,3.6,KC,CIN
0811,0.943,1.045,0.756,0.854,0.467,0.571,0.976,0.427,0.789,5.59,0.748,1.14,0.905,0.845,0.865,0.614,0.639,1.115,0.546,6.08,ATL,NYY
0811,0.373,0.685,1.071,1.081,0.8,0.615,0.862,0.298,0.889,2.08,0.897,0.741,0.956,0.771,1.014,0.739,0.463,0.395,0.744,2.51,BAL,PHI
0811,0.804,0.867,0.671,0.701,0.646,0.328,0.678,0.251,0.958,2.57,0.638,0.871,0.738,0.74,0.963,1.031,0.501,0.728,1.382,0.82,CHC,CLE
0811,0.828,0.72,0.78,0.661,0.771,0.523,0.452,0.734,1.177,1.17,0.922,0.857,0.644,0.697,0.55,0.695,0.81,0.755,0.867,7.71,CHW,DET
0811,0.8,0.805,0.929,0.917,0.858,0.609,0.712,0.286,0.0,6.92,0.69,0.628,0.778,1.444,0.727,1.1,0.619,0.558,0.604,3.29,WSH,NYM
0811,0.36,0.79,0.713,0.958,1.299,0.808,0.725,0.567,0.462,3.45,1.048,0.599,0.813,0.83,0.629,0.73,0.704,0.566,0.448,2.35,TB,BOS
0811,0.599,0.833,0.734,0.786,0.593,0.874,0.705,0.5,0.688,4.15,0.872,0.657,0.969,0.753,0.787,0.438,0.57,0.504,0.699,1.17,MIN,MIL
0811,0.757,0.954,1.217,0.717,0.996,0.633,0.559,0.292,0.451,2.41,1.42,0.796,0.895,0.804,0.713,0.481,0.458,0.125,0.553,2.81,ARI,COL
0811,0.769,0.76,0.899,0.848,0.658,,0.44,0.482,1.056,6.89,0.765,1.077,1.007,0.91,.911,0.603,0.37,0.419,0.677,3.06,SEA,TEX
0811,0.594,0.749,0.764,0.871,0.87,0.95,0.557,0.647,0.222,0.87,1.071,0.757,0.524,0.615,0.772,1.117,0.407,0.716,0.555,2.19,SF,HOU
0811,0.893,.857,1.124,0.71,0.799,0.618,0.788,0.459,0.86,2.08,0.521,0.897,0.752,0.939,0.779,0.941,0.528,0.739,0.516,5.63,OAK,LAA
0811,0.694,0.907,0.512,0.753,0.999,0.702,0.706,0.688,0.258,4.0,1.184,0.892,0.757,0.633,1.011,0.949,1.114,0.375,0.481,4.6,SD,LAD
0812,0.77,0.672,0.724,0.642,0.733,0.77,0.452,0.231,,9.2,0.891,0.765,0.764,0.632,1.042,0.764,0.627,0.711,0.0,4.05,CHW,DET
0812,0.85,0.942,1.248,0.773,0.534,0.773,0.573,0.624,0.714,2.65,0.82,0.803,0.918,0.793,0.811,0.475,0.694,0.339,0.55,12.19,ARI,COL
0812,0.902,.882,1.064,0.807,0.827,0.647,0.989,0.421,0.894,3.14,0.535,0.894,0.708,0.901,0.731,1.0,0.622,0.735,0.565,1.08,OAK,LAA
0812,1.349,0.757,0.819,0.68,0.728,0.707,0.552,0.0,0.223,2.5,0.668,0.788,0.761,0.916,0.761,1.063,0.669,0.821,0.667,3.54,0.695,CHC
0812,0.748,0.865,0.601,0.872,0.718,0.628,0.607,0.501,0.598,2.7,0.549,0.974,0.595,0.466,1.03,0.783,0.467,0.517,1.167,9.0,MIA,TOR
0812,,1.106,0.781,0.549,0.942,0.729,0.7,0.616,0.367,27.0,0.854,0.909,0.825,0.583,0.978,0.803,0.789,0.615,0.72,0.0,KC,CIN
0812,0.971,0.92,0.762,0.905,0.476,0.735,0.39,,0.709,1.17,0.697,1.036,0.889,0.902,0.772,0.786,0.625,0.627,0.508,3.86,ATL,NYY
0812,0.387,0.686,1.155,1.03,0.702,0.754,1.535,1.1,0.868,0.0,0.905,0.784,0.979,0.798,1.016,0.796,0.544,0.427,1.131,6.91,BAL,PHI
0812,0.731,0.786,0.838,0.837,0.909,0.608,0.611,0.688,0.295,3.0,1.025,0.793,0.791,0.479,0.62,0.431,0.468,0.527,0.537,,SF,HOU
0812,0.636,0.78,0.736,0.735,0.482,0.458,0.656,0.568,.433,9.53,0.444,0.711,0.944,0.853,0.766,0.531,0.547,0.773,0.528,2.65,MIN,MIL
0812,0.79,0.933,0.783,0.892,0.632,0.802,0.74,0.564,0.673,0.0,0.766,0.579,0.719,1.189,0.807,1.011,0.624,0.568,0.683,7.84,WSH,NYM
0812,0.717,0.593,0.691,0.893,0.804,0.815,0.767,0.562,0.588,3.97,0.726,0.94,0.635,0.657,0.857,0.517,0.714,0.597,0.543,3.38,TB,BOS
0812,0.703,0.798,,0.891,0.719,,0.452,0.633,0.817,5.56,0.751,1.023,0.973,0.914,.829,0.569,.460,0.704,0.369,5.79,SEA,TEX
0812,0.719,0.905,0.485,0.754,0.691,0.921,0.727,1.023,0.769,0.0,1.157,0.848,0.813,0.615,1.128,0.92,0.751,0.429,0.591,2.87,SD,LAD
0813,0.871,0.861,0.72,0.94,0.757,0.942,0.704,0.785,0.817,3.78,0.753,0.597,0.792,1.464,0.825,0.935,0.654,0.368,0.73,1.8,WSH,NYM
0813,0.466,0.713,1.149,0.961,0.773,,1.03,0.523,0.749,2.45,0.892,0.842,0.913,0.823,1.0,0.877,0.946,0.511,0.736,3.68,BAL,PHI
0813,0.748,0.564,0.725,1.240,0.801,1.134,0.667,0.557,0.582,,1.250,0.807,0.677,0.628,1.022,0.757,0.63,0.576,0.431,5.56,TB,BOS
0813,,1.05,0.773,0.516,1.042,0.69,0.473,0.786,0.315,0.0,0.529,0.624,0.574,0.833,0.589,0.358,0.833,.307,0.624,3.52,PIT,CIN
0813,0.554,0.871,0.755,0.86,0.747,1.015,0.798,0.354,0.684,2.12,0.626,0.779,0.744,0.707,0.54,0.539,0.6,0.667,.372,5.4,MIL,CHC
0813,0.882,0.989,0.808,0.499,0.91,0.656,0.665,0.724,0.464,2.4,1.099,0.797,0.609,0.798,0.941,0.606,0.644,0.393,,3.18,SD,LAD
0814,0.7,1.034,0.853,0.869,0.676,0.692,0.662,0.708,0.707,5.63,0.867,1.058,0.806,0.677,0.857,0.59,0.666,0.792,0.426,5.79,TB,TOR
0814,0.905,0.826,0.953,0.881,1.032,0.855,1.245,0.434,0.503,3.21,0.738,0.613,0.897,1.503,0.754,,0.566,0.393,0.682,10.38,WSH,BAL
0814,1.048,0.928,0.8,0.878,0.509,0.764,0.454,2.5,0.676,3.22,0.759,0.552,0.764,0.896,1.192,0.749,0.809,0.52,0.739,3.6,BOS,NYY
0814,0.425,0.642,1.202,1.088,0.751,0.695,0.924,0.75,0.773,7.71,0.892,0.949,0.76,1.02,1.02,0.56,0.715,0.859,0.517,,NYM,PHI
0814,,1.02,0.764,1.059,0.857,0.39,0.858,0.432,0.618,2.25,0.593,0.605,0.561,0.881,0.571,0.502,0.9,0.469,0.644,2.0,PIT,CIN
0814,0.708,0.704,0.709,0.74,0.735,2.25,0.611,0.838,1.09,5.74,0.733,0.841,0.671,0.685,0.754,0.4,0.611,0.286,0.8,2.84,CLE,DET
0814,0.597,0.975,0.589,0.585,1.007,0.812,0.513,0.552,0.921,1.8,0.742,0.957,0.868,0.861,0.872,0.728,0.71,0.616,0.507,6.75,ATL,MIA
0814,1.065,0.836,0.708,0.787,0.851,0.729,0.762,1.325,0.607,1.38,0.579,0.735,0.719,0.692,0.643,0.591,1.215,.326,0.75,2.53,MIL,CHC
0814,0.966,0.974,1.187,0.909,0.959,0.718,0.688,0.514,0.456,0.0,0.747,0.813,,0.84,0.881,0.693,0.401,0.47,0.743,1.16,TEX,COL
0814,0.724,0.79,0.598,0.865,,0.792,0.906,0.601,0.742,2.04,0.771,0.987,0.918,0.873,.909,0.701,0.582,0.343,0.404,7.36,SEA,HOU
0814,0.835,0.82,0.984,0.809,0.854,0.679,1.053,0.422,0.633,2.29,1.059,0.859,0.766,0.644,0.898,0.965,1.016,0.402,0.599,1.61,SD,ARI
0814,0.882,.855,1.115,0.846,0.793,0.601,0.426,1.01,0.364,2.7,1.074,1.019,0.802,0.998,0.489,0.807,0.706,0.974,0.628,3.6,LAD,LAA
0814,1.077,1.137,0.569,0.744,0.387,0.671,0.446,0.694,0.502,5.4,0.554,0.688,0.92,0.731,0.723,1.066,0.477,0.699,0.619,2.6,OAK,SF
0815,1.107,0.8,0.656,0.735,0.553,0.813,0.754,0.707,0.643,4.37,0.538,0.836,0.855,0.894,0.561,,0.732,,0.413,1.5,STL,CHW
0815,0.831,0.708,0.948,0.829,0.794,0.626,0.572,0.944,0.829,6.0,0.864,0.849,0.898,0.629,0.969,0.78,0.517,0.6,0.716,7.88,KC,MIN
0815,0.706,0.823,0.657,0.785,0.791,0.995,0.786,0.682,1.248,0.0,0.489,0.714,0.753,0.667,0.655,0.372,0.574,0.545,0.701,2.65,MIL,CHC
0815,1.107,0.8,0.656,0.735,0.813,1.101,0.754,0.707,0.643,0.0,0.836,0.561,0.855,0.894,,,0.0,,0.413,,STL,CHW
0815,0.518,0.708,0.948,0.794,0.626,0.831,0.944,0.558,0.491,5.31,0.864,0.849,0.898,0.629,0.729,0.78,0.716,0.6,0.536,5.12,KC,MIN
0815,0.463,0.686,1.157,1.101,0.705,0.751,1.33,0.625,0.263,2.79,0.877,0.951,0.819,1.092,0.715,1.07,0.516,1.101,1.186,8.2,NYM,PHI
0815,0.752,1.5,0.665,0.697,0.795,0.61,0.727,0.807,0.768,2.0,0.712,0.845,0.654,0.67,0.821,0.6,0.692,0.308,0.278,1.63,CLE,DET
0815,0.656,0.931,0.796,0.936,0.675,0.2,0.592,0.564,0.311,8.31,0.73,1.029,0.874,0.818,0.773,0.661,0.572,0.421,0.517,1.59,ATL,MIA
0815,0.785,1.065,0.619,0.986,0.712,0.703,0.8,0.467,0.232,3.0,0.829,1.096,0.718,0.63,-,0.899,0.641,0.716,0.492,4.71,TB,TOR
0815,1.031,0.908,0.604,0.863,0.619,0.852,0.505,1.625,0.675,7.84,0.812,0.549,0.724,0.841,0.733,0.791,0.892,0.555,0.641,4.09,BOS,NYY
0815,0.754,0.844,0.882,1.4,0.876,0.888,0.563,0.586,0.786,4.02,0.758,0.945,0.92,0.872,.869,.560,0.578,0.366,0.372,3.24,SEA,HOU
0815,0.898,0.848,0.936,1.022,0.956,0.672,0.859,0.8,0.356,3.95,0.77,0.643,1.401,0.942,0.539,1.0,0.636,0.584,0.741,2.5,WSH,BAL
0815,0.888,0.786,0.972,0.819,0.807,0.473,0.546,0.445,0.635,4.66,0.613,0.746,1.032,0.846,0.954,0.562,1.007,0.368,0.879,3.12,SD,ARI
0815,0.946,0.95,1.127,0.859,0.909,0.812,0.641,0.657,0.434,2.08,0.728,0.758,,0.786,0.825,0.417,2.333,0.45,0.65,4.11,TEX,COL
0815,0.864,.832,1.048,0.925,0.79,0.476,0.939,0.922,0.399,4.26,1.027,0.936,0.828,0.965,0.585,0.789,0.64,0.657,0.669,4.4,LAD,LAA
0816,0.729,0.507,0.626,0.71,0.738,0.614,1.117,0.404,1.1,6.35,0.708,0.889,0.617,0.685,0.796,0.429,0.69,0.375,0.73,2.45,CLE,DET
0816,0.91,0.858,0.915,0.98,1.182,0.942,0.792,0.654,0.277,7.71,0.85,1.436,0.883,0.651,0.585,0.451,0.699,0.741,0.533,2.75,WSH,BAL
0816,0.75,0.716,1.15,1.024,0.819,0.573,0.908,1.417,0.245,2.89,0.85,0.93,0.82,1.163,0.975,0.699,0.547,1.045,0.18,5.68,NYM,PHI
0816,0.663,0.899,0.893,2.0,0.478,0.593,0.551,0.667,0.561,2.79,0.735,0.868,0.858,0.863,0.812,0.672,1.233,0.552,0.488,9.00,ATL,MIA
0816,0.962,0.758,0.633,0.701,0.843,0.502,0.816,0.584,0.697,3.04,0.501,0.772,0.935,1.087,0.507,0.619,1.667,0.824,,8.31,STL,CHW
0816,0.704,0.818,0.9,0.944,0.853,0.566,0.563,0.619,0.742,6.1,0.737,0.883,0.877,0.895,.537,0.733,0.434,0.372,0.167,5.27,SEA,HOU
0816,0.784,0.76,1.043,0.825,0.727,0.609,0.619,0.85,0.74,0.9,0.911,0.753,0.568,0.787,0.739,0.809,0.492,0.587,,4.5,KC,MIN
0816,0.678,0.913,0.749,0.776,0.712,1.015,0.75,1.205,0.579,1.06,0.603,0.669,0.747,0.967,0.714,0.651,1.097,0.838,0.621,5.68,MIL,CHC
0816,0.891,1.013,1.121,0.822,0.882,0.772,0.579,0.691,0.245,6.41,0.785,0.826,,0.789,0.856,0.424,1.81,0.48,0.734,1.0,TEX,COL
0816,0.758,0.776,0.754,1.001,0.815,0.67,0.656,0.285,0.286,4.86,0.853,1.153,0.777,0.649,0.612,0.854,0.609,0.749,0.385,1.04,TB,TOR
0816,1.079,0.782,1.07,0.458,0.655,0.822,0.558,0.454,0.538,2.81,0.602,0.765,0.817,0.786,0.812,1.007,0.493,0.748,0.697,6.86,OAK,SF
0816,0.829,0.787,0.954,0.844,0.819,0.495,0.656,0.669,0.299,10.59,0.854,0.754,1.083,0.924,0.606,0.99,0.548,0.355,0.0,3.74,SD,ARI
0816,0.86,.845,1.069,0.916,0.739,0.874,0.367,0.877,0.411,13.5,1.05,0.865,0.645,0.612,0.795,0.609,0.943,0.432,,2.75,LAD,LAA
0816,0.751,0.889,0.878,0.641,0.513,0.579,0.719,2.121,0.732,10.29,0.812,0.578,0.737,0.867,0.689,0.848,0.857,1.103,0.731,0.0,BOS,NYY
0817,0.631,0.902,0.605,0.745,1.006,0.679,0.2,0.476,0.53,3.08,0.545,0.673,0.927,0.985,0.507,0.573,0.45,0.802,0.0,9.0,STL,CHC
0817,0.861,0.935,0.975,1.027,0.594,0.88,0.857,0.53,0.347,2.75,0.758,0.853,0.728,0.973,0.755,0.751,0.58,0.352,0.684,4.05,TOR,BAL
0817,0.776,0.867,1.696,0.679,0.574,0.143,1.333,1.667,0.578,5.17,0.86,0.566,0.742,0.819,0.693,0.82,0.871,0.613,0.655,3.38,BOS,NYY
0817,0.75,0.857,0.944,0.875,0.912,0.752,0.631,0.517,0.489,7.27,0.84,0.635,1.45,0.87,0.664,0.625,0.599,0.475,0.719,9.69,WSH,ATL
0817,0.622,0.853,0.575,0.87,0.5,0.722,0.499,0.597,1.017,9.82,0.81,0.709,0.844,0.888,0.998,0.684,1.116,0.571,0.485,9.0,NYM,MIA
0817,0.673,0.573,0.927,0.985,0.507,0.45,1.333,0.714,0.451,0.0,0.631,0.902,0.605,0.78,0.745,1.006,0.791,0.652,1.154,,CHC,STL
0817,0.956,0.783,0.675,0.741,0.89,0.46,0.796,0.593,0.695,6.61,1.106,0.813,0.655,0.681,0.772,0.593,0.797,,0.735,10.24,DET,CHW
0817,0.732,0.477,1.036,0.782,0.684,0.632,0.834,0.79,0.499,1.8,0.893,0.72,0.849,0.774,0.71,0.997,0.78,0.548,0.566,5.4,KC,MIN
0817,0.769,0.325,0.918,0.831,0.791,0.507,1.189,0.74,0.944,6.06,0.82,1.06,0.759,0.974,0.724,0.95,0.58,.713,0.384,2.78,SD,TEX
0817,0.711,0.554,0.881,0.923,0.81,0.563,0.598,0.332,0.733,1.76,0.882,1.012,1.152,0.795,0.828,0.745,0.723,0.494,0.506,2.45,COL,HOU
0817,0.852,0.796,0.932,0.802,0.797,0.585,0.636,0.2,0.642,2.74,0.623,0.778,0.827,0.808,0.855,1.041,0.84,,0.41,2.42,OAK,ARI
0817,0.836,.797,1.039,0.962,0.594,0.456,0.405,0.876,0.957,4.42,1.064,0.737,0.998,0.62,0.656,0.424,0.579,0.593,0.62,3.63,SF,LAA
0817,1.035,0.916,0.82,0.586,0.952,0.674,0.57,0.728,0.636,3.97,0.704,0.921,0.882,0.853,.853,.542,0.442,0.556,0.685,4.85,SEA,LAD
0819,1.101,1.035,0.927,0.82,0.83,0.683,0.563,0.388,0.525,4.00,0.591,0.937,0.779,0.961,0.684,0.256,0.4,0.643,0.412,6.0,TOR,BAL
0819,0.867,0.812,0.603,0.818,1.199,0.719,0.581,0.316,0.645,22.5,0.551,0.76,1.186,1.02,1.357,0.835,0.921,0.296,0.0,4.02,PHI,BOS
0819,1.066,0.918,0.622,0.792,0.721,0.848,1.047,0.713,0.508,2.84,0.554,0.562,0.97,0.593,1.467,0.848,0.872,0.372,0.0,2.57,STL,CHC
0819,0.876,0.704,0.858,0.773,0.695,0.801,0.563,0.545,0.899,0.0,0.795,1.033,1.196,0.525,0.857,,0.447,0.885,0.467,3.91,CIN,KC
0819,0.81,1.008,0.82,0.667,0.643,0.638,0.689,1.277,1.222,2.76,0.908,0.727,1.168,0.737,0.574,0.877,0.702,0.724,0.45,7.04,TB,NYY
0819,0.55,0.678,0.568,0.817,0.601,0.424,0.554,0.25,0.601,5.14,0.698,0.88,0.731,0.72,0.87,0.292,0.611,0.205,0.741,3.6,CLE,PIT
0819,0.952,0.813,0.588,0.642,0.845,0.818,0.552,0.448,0.405,2.25,0.913,0.907,0.878,1.135,1.105,0.815,1.059,0.574,0.579,2.45,NYM,MIA
0819,0.876,0.704,0.858,0.773,0.695,0.801,0.806,0.545,0.0,,0.795,1.033,1.196,0.525,0.857,,0.885,0.645,0.237,0.93,CIN,KC
0819,1.168,0.832,0.764,0.83,0.517,0.627,0.729,0.133,0.817,,0.71,0.711,0.672,0.771,0.696,,0.977,0.485,0.393,,DET,CHW
0819,0.733,0.463,1.081,0.621,0.701,0.763,0.485,0.712,.000,0.0,0.544,0.778,0.703,0.757,0.668,0.946,0.589,0.858,0.771,4.91,MIL,MIN
0819,0.834,0.987,1.096,0.746,0.774,0.683,0.732,0.677,0.45,1.04,0.717,0.517,0.86,0.738,0.928,0.839,0.577,0.0,0.734,1.9,HOU,COL
0819,0.832,1.094,0.736,0.849,0.991,0.994,.859,0.644,0.511,4.91,0.7,0.45,,0.889,0.854,0.524,0.806,0.695,0.552,1.11,TEX,SD
0819,0.632,0.85,0.748,0.79,0.801,1.041,0.784,0.69,0.773,4.79,0.808,0.776,0.954,0.777,0.584,0.874,0.778,0.222,0.624,1.71,ARI,OAK
0819,0.652,0.916,0.945,0.916,.797,0.526,0.624,,,4.05,1.012,0.984,0.819,0.565,0.666,0.892,0.565,0.75,1.25,2.53,LAD,SEA
0819,1.014,0.975,1.092,0.714,0.782,0.446,0.757,0.639,0.57,4.62,0.815,.870,1.039,1.005,0.683,0.635,0.856,0.379,0.984,3.94,LAA,SF
0820,0.824,1.067,0.839,0.785,0.651,0.699,1.173,0.733,0.53,7.04,1.215,0.908,0.687,0.688,0.733,0.883,0.708,0.773,0.516,2.84,TB,NYY
0820,1.126,0.818,0.803,0.814,0.657,0.64,0.936,0.692,0.759,4.88,0.783,0.963,0.64,0.775,0.676,0.538,0.603,0.809,0.639,2.78,DET,CHW
0820,0.739,0.958,1.083,0.722,0.757,0.693,1.0,0.546,0.476,2.25,0.784,0.531,0.894,0.747,0.921,0.713,0.532,0.571,0.802,2.91,HOU,COL
0820,0.841,1.056,0.715,0.881,0.675,0.617,0.385,0.652,0.376,2.25,0.555,0.753,1.141,0.815,0.817,0.921,0.566,1.038,0.279,7.88,PHI,TOR
0820,0.813,0.668,0.544,0.771,0.568,0.182,0.63,.343,0.664,3.98,0.721,0.864,0.695,0.75,0.87,0.492,0.622,0.059,0.634,1.3,CLE,PIT
0820,0.818,0.695,1.068,0.751,0.732,0.493,0.518,1.000,,5.92,0.735,0.833,0.778,0.607,0.67,0.557,0.813,.366,0.739,3.16,MIL,MIN
0820,0.5,0.949,0.947,0.924,.853,0.66,0.508,0.25,0.393,5.28,1.023,0.872,0.807,0.592,0.73,0.698,0.675,0.738,0.801,2.65,LAD,SEA
0820,0.846,1.047,0.876,1.018,0.802,0.595,0.702,0.593,0.47,4.34,0.886,0.685,0.749,0.796,1.238,0.726,0.817,0.614,0.611,5.93,BOS,BAL
0820,0.824,1.124,0.779,0.786,0.944,1.011,0.675,.801,0.473,1.59,0.766,0.415,0.603,0.917,0.829,0.9,0.667,0.745,0.582,3.74,TEX,SD
0820,0.673,0.656,0.963,0.661,1.483,0.772,0.769,0.444,0.392,1.64,0.764,1.043,1.225,0.586,0.847,,0.402,0.803,0.495,2.05,CIN,STL
0820,0.621,0.807,0.803,0.852,0.731,0.769,0.497,0.718,0.797,7.65,0.82,0.784,0.918,0.832,0.759,0.559,0.788,0.25,0.598,3.86,ARI,OAK
0820,1.112,1.098,0.828,0.735,0.704,,0.7,0.664,0.609,4.21,0.831,.882,0.991,1.018,0.665,0.93,0.443,0.814,0.392,,LAA,SF
0821,0.854,0.652,1.438,0.919,0.977,0.621,0.57,0.617,0.738,3.91,0.652,0.812,0.848,0.794,0.572,,0.367,,2.05,1.84,MIA,WSH
0821,0.832,1.137,0.739,0.641,0.805,0.672,0.711,0.663,0.45,4.13,0.681,0.942,0.617,0.92,0.71,0.762,0.356,0.869,0.538,5.23,TOR,TB
0821,0.788,0.704,0.541,0.751,0.568,0.396,0.559,0.511,0.417,3.21,0.562,0.781,0.818,0.639,0.533,0.425,0.787,.330,0.735,3.27,MIL,PIT
0821,0.808,0.927,0.921,0.86,0.822,0.54,0.613,0.562,,1.24,0.618,0.726,0.959,0.764,1.15,0.837,0.842,0.711,0.284,2.05,PHI,ATL
0821,0.685,0.822,0.68,0.731,0.86,0.633,0.643,0.273,0.636,3.95,0.66,0.684,0.611,0.741,0.794,0.936,0.0,0.801,0.384,7.56,DET,CLE
0821,0.833,1.026,0.86,0.963,0.779,,1.005,0.653,0.6,10.57,0.786,0.691,0.709,0.853,0.73,0.876,0.739,0.625,0.605,4.5,BOS,BAL
0821,1.109,0.855,0.582,0.751,0.782,0.736,0.803,0.0,0.366,2.74,1.172,0.664,0.84,0.884,0.647,0.847,0.696,0.758,0.0,3.07,CHW,CHC
0821,0.849,0.635,0.736,0.792,0.656,0.787,0.54,0.56,0.9,4.44,0.679,0.546,1.082,0.742,0.754,1.083,0.498,0.832,1.417,5.14,MIN,KC
0821,0.644,0.664,0.943,0.633,1.381,0.779,0.778,0.545,0.451,5.4,0.781,1.003,1.187,0.59,0.853,,0.354,0.852,0.495,6.23,CIN,STL
0821,0.785,1.092,0.865,0.825,0.965,0.914,0.789,0.659,0.62,3.45,0.777,0.553,0.868,0.751,0.602,0.746,0.473,0.389,0.784,5.47,HOU,SD
0821,0.624,0.625,0.944,0.939,.833,0.625,0.339,0.143,0.282,3.14,0.798,0.475,0.795,0.903,0.893,0.559,0.675,0.462,0.571,5.25,TEX,SEA
0821,0.606,0.925,0.781,0.648,0.671,0.844,0.795,0.712,0.746,5.21,0.796,0.932,1.069,0.768,0.759,0.776,0.805,0.716,0.516,5.74,COL,LAD
0821,0.6,0.792,0.867,0.878,0.767,0.755,0.553,0.68,0.756,5.96,0.812,.866,1.003,1.028,0.89,0.627,0.479,1.833,0.438,4.74,LAA,OAK
0821,1.101,0.952,1.075,0.9,0.713,0.411,0.9,0.74,0.622,3.54,0.864,0.802,0.728,0.818,0.611,0.581,0.754,0.399,0.339,8.59,ARI,SF
0822,0.719,0.51,0.577,0.788,0.685,0.404,0.653,0.286,0.706,7.36,0.607,0.838,0.75,0.727,0.698,0.769,0.794,0.625,0.709,6.62,MIL,PIT
0822,0.872,1.366,0.713,0.874,0.664,0.591,0.603,0.705,0.63,3.71,0.674,0.68,0.817,0.588,0.777,0.0,0.5,0.856,1.973,4.35,MIA,WSH
0822,0.617,0.756,0.78,0.862,0.908,1.068,0.779,0.647,0.528,2.93,0.837,.850,0.987,1.059,0.623,0.836,0.451,0.807,0.406,4.7,LAA,OAK
0822,1.137,0.662,1.149,0.703,0.876,0.827,0.714,0.653,0.597,11.25,0.921,0.946,0.713,0.951,0.734,0.79,0.681,0.42,0.375,3.46,TOR,TB
0822,0.879,0.627,0.859,0.826,0.884,0.775,0.545,0.557,0.802,4.56,0.797,0.71,0.723,0.678,0.542,0.779,0.659,0.0,0.748,1.42,MIN,KC
0822,0.796,0.939,0.941,0.819,0.559,0.548,0.65,1.1,0.551,5.40,0.595,0.73,1.147,0.986,1.126,0.748,0.824,0.298,0.683,2.81,PHI,ATL
0822,0.713,0.783,0.686,0.728,0.884,0.366,0.634,0.415,0.62,,0.735,0.689,0.613,0.827,0.812,0.927,0.496,0.782,0.651,9.64,DET,CLE
0822,0.796,0.997,0.837,0.979,0.694,0.5,0.6,0.0,0.79,3.76,0.892,0.72,0.732,0.872,1.288,0.719,0.781,0.593,0.616,4.07,BOS,BAL
0822,0.674,0.856,0.68,0.588,0.777,0.0,0.822,0.495,0.602,,0.872,0.62,1.366,0.874,0.613,0.591,0.794,0.687,0.705,,WSH,MIA
0822,1.056,0.836,0.584,0.745,0.732,0.778,0.75,0.984,0.684,3.31,1.132,0.82,0.717,0.892,0.92,0.599,0.865,0.574,0.731,54.0,CHW,CHC
0822,0.658,0.639,0.937,0.712,0.634,0.462,0.751,0.333,0.443,3.86,0.742,0.976,1.11,0.586,0.448,1.119,0.771,0.804,0.584,16.2,CIN,STL
0822,0.99,0.917,0.771,0.84,0.682,0.751,0.664,0.697,0.699,3.0,0.774,0.917,1.048,0.738,0.731,0.777,0.762,0.685,0.451,2.56,COL,LAD
0822,0.795,1.085,0.843,0.882,0.802,0.912,0.997,0.656,0.333,3.25,0.783,0.575,0.844,0.766,0.904,0.74,0.54,0.552,0.619,1.69,HOU,SD
0822,0.613,0.667,0.985,0.917,.816,0.52,,0.643,0.492,4.12,0.762,0.559,0.759,0.884,0.947,0.532,0.643,0.456,0.671,7.52,TEX,SEA
0822,1.086,0.651,0.922,0.725,0.766,0.953,0.703,0.521,0.308,4.84,0.849,0.773,0.895,0.798,0.816,0.606,0.73,0.2,0.575,2.4,ARI,SF
0823,0.891,0.614,1.27,0.706,0.58,0.664,0.778,0.602,0.724,8.5,0.703,0.815,0.801,0.65,0.76,0.3,1.638,0.401,,5.68,MIA,WSH
0823,0.728,1.012,0.853,0.967,1.044,0.782,0.542,0.748,0.43,7.89,0.761,0.699,0.743,0.842,0.724,0.722,0.829,0.627,0.648,6.87,BOS,BAL
0823,0.745,0.785,0.723,0.703,0.888,0.356,0.643,0.206,0.282,3.71,0.736,0.779,0.588,0.819,0.623,0.911,0.125,0.417,0.535,18.0,DET,CLE
0823,0.786,1.103,0.822,0.673,0.617,0.807,0.858,0.663,0.391,,0.924,0.89,0.739,0.932,0.69,0.681,0.586,0.419,0.469,13.5,TOR,TB
0823,0.694,0.591,0.668,0.867,0.704,0.551,0.484,.314,0.817,4.91,0.72,0.81,0.776,0.619,0.663,0.644,0.704,0.414,0.717,3.0,MIL,PIT
0823,0.875,0.654,0.785,0.816,0.758,0.624,0.555,0.511,0.333,5.12,0.702,0.815,1.074,0.817,0.77,0.67,1.051,0.527,0.661,1.5,MIN,KC
0823,0.647,1.162,0.982,0.61,0.682,0.467,0.786,0.305,0.683,6.14,0.723,0.936,1.115,0.56,0.835,,0.0,0.772,0.507,3.38,CIN,STL
0823,1.036,0.791,0.594,0.734,0.736,0.773,0.777,0.56,0.997,1.8,1.111,0.781,0.755,1.013,0.934,0.897,0.941,0.607,0.718,3.16,CHW,CHC
0823,0.914,1.063,0.876,0.828,0.947,1.066,0.656,.715,0.733,0.0,0.746,0.624,0.833,0.757,0.876,0.821,0.724,0.498,0.74,1.84,HOU,SD
0823,0.968,0.899,0.783,0.714,0.65,0.676,0.678,0.802,0.748,5.61,0.743,0.73,1.01,0.928,0.72,0.759,0.25,0.762,0.538,2.9,COL,LAD
0823,0.608,0.745,0.779,0.89,0.886,1.052,0.742,0.657,0.761,4.74,0.844,.814,0.984,1.023,0.608,0.797,0.519,0.779,0.55,2.48,LAA,OAK
0823,1.066,0.651,0.914,0.742,0.73,0.538,1.295,0.701,0.42,1.59,0.829,0.799,0.859,0.804,0.768,0.588,0.707,0.531,0.477,9.16,ARI,SF
0823,0.604,0.706,1.031,0.917,.839,0.58,0.612,0.503,0.495,7.8,0.764,0.821,0.572,0.846,0.504,0.651,0.598,0.58,,6.94,TEX,SEA
0823,0.796,0.941,0.977,0.924,0.623,0.81,0.612,0.619,0.521,2.35,0.621,0.741,1.192,0.994,0.784,0.724,0.779,1.147,0.757,5.14,PHI,ATL
0824,0.776,1.095,0.856,0.682,0.585,0.79,0.87,0.655,0.546,3.0,0.909,0.874,0.75,0.721,0.993,0.679,0.577,0.418,0.401,4.76,TOR,TB
0824,0.949,0.628,1.248,0.71,0.85,0.879,0.806,0.607,0.686,5.0,0.624,0.788,0.773,0.73,0.74,0.468,0.444,0.694,1.335,2.42,MIA,WSH
0824,0.757,0.795,0.71,0.688,0.854,0.648,0.472,0.433,0.557,2.91,0.79,0.698,1.122,0.789,0.879,0.525,0.702,0.651,0.722,2.27,MIN,CLE
0824,0.746,0.803,0.594,0.795,0.706,0.893,0.469,0.745,0.808,6.23,1.007,0.779,0.6,0.791,0.711,0.759,0.739,0.639,0.552,4.76,CHC,DET
0824,,0.733,0.55,0.747,0.987,0.405,0.478,0.664,0.553,1.37,0.594,0.754,0.745,0.894,0.868,1.038,0.754,0.647,0.744,3.67,OAK,TEX
0824,0.702,0.791,0.766,0.681,0.611,0.474,0.744,0.532,0.694,3.71,0.69,0.944,0.592,0.936,0.781,0.381,1.077,0.763,0.704,0.68,CIN,MIL
0824,0.63,1.073,0.976,0.667,0.642,0.629,0.745,0.452,0.894,3.12,0.854,0.958,0.819,0.613,0.774,0.602,0.533,0.611,0.583,0.0,KC,STL
0824,0.727,0.603,0.821,0.777,0.844,0.782,0.764,0.737,0.222,1.72,0.827,0.671,0.952,1.012,0.625,0.47,0.357,0.6,1.3,5.4,LAA,HOU
0824,0.825,0.801,0.855,0.778,0.771,0.566,0.719,0.499,0.436,2.35,0.716,0.94,0.714,0.703,0.802,0.747,0.801,0.709,0.435,3.77,COL,ARI
0825,0.947,0.67,1.302,0.836,0.651,0.807,0.627,0.601,0.673,2.55,0.631,0.784,1.119,0.96,0.814,0.684,0.993,0.67,0.284,4.95,PHI,WSH
0825,0.921,0.923,0.769,0.974,0.743,0.644,0.56,0.39,0.388,2.79,0.914,0.674,0.728,0.853,1.237,0.708,0.793,0.658,0.622,11.12,BOS,TOR
0825,1.067,0.828,1.075,0.92,0.749,0.636,0.711,0.669,0.617,6.0,0.714,0.994,0.832,0.772,0.791,1.061,1.056,0.0,0.747,4.13,BAL,TB
0825,0.592,0.589,0.814,0.841,0.844,0.811,0.786,0.471,0.502,4.37,0.931,.813,0.841,0.641,0.562,0.791,0.437,1.026,0.435,10.38,LAA,HOU
0825,0.794,0.762,0.725,0.712,0.822,0.512,0.615,0.373,0.583,1.11,0.797,0.7,1.128,0.801,0.897,1.0,0.673,0.643,0.606,4.7,MIN,CLE
0825,0.734,0.81,0.603,0.761,0.676,0.875,0.548,0.702,0.768,3.65,0.986,0.761,0.685,0.771,0.694,0.808,0.743,0.729,0.977,5.4,CHC,DET
0825,0.833,0.724,0.766,0.811,0.567,0.872,0.415,0.697,0.0,4.73,0.627,1.006,0.858,0.883,0.797,0.725,0.742,0.638,,6.39,OAK,TEX
0825,1.063,0.917,1.035,0.599,0.763,0.862,0.936,0.724,0.817,3.89,0.697,0.587,0.695,0.545,0.661,0.45,0.626,.397,0.432,3.0,PIT,CHW
0825,0.672,0.804,0.769,0.727,0.579,0.605,0.511,0.683,0.0,3.23,0.675,0.945,1.061,0.621,0.722,,0.751,0.0,0.512,4.1,CIN,MIL
0825,0.658,0.663,1.068,1.133,0.702,0.582,0.759,0.473,0.895,2.0,0.825,0.908,0.854,0.574,0.745,0.835,0.512,0.605,0.825,9.0,KC,STL
0825,0.883,1.073,0.89,0.852,0.925,0.781,1.036,0.649,0.556,4.26,0.583,0.883,1.041,0.892,.868,0.562,0.9,0.626,0.352,3.34,SEA,SD
0825,0.842,0.786,0.842,0.75,0.801,0.575,0.691,0.315,0.542,4.5,0.752,0.963,0.732,1.009,0.7,0.0,0.167,0.674,0.561,4.38,COL,ARI
0825,0.0,0.574,0.698,0.815,0.75,0.362,0.735,0.583,0.699,,0.918,0.867,0.928,0.816,1.156,0.662,0.55,1.059,1.087,2.61,0.472,1.362
0825,1.074,0.877,0.753,0.841,0.899,1.05,0.723,0.684,0.634,4.35,1.032,0.925,0.78,0.739,0.728,0.833,0.667,0.707,0.841,2.74,LAD,SF
0826,1.056,0.748,0.734,1.03,0.929,0.607,0.895,0.635,0.705,2.65,0.588,0.677,0.671,0.528,0.627,0.786,0.57,0.408,0.391,3.7,PIT,CHW
0826,0.887,0.84,0.969,0.908,1.039,0.768,0.643,1.125,0.591,,0.835,1.115,0.787,0.602,0.846,0.621,0.652,0.733,0.566,2.75,NYY,ATL
0826,0.959,0.714,0.842,1.254,0.706,0.784,0.802,0.609,0.673,3.99,0.633,0.778,1.114,0.962,0.717,1.047,0.818,0.918,0.312,3.1,PHI,WSH
0826,0.924,0.916,0.635,0.99,0.752,0.732,0.75,0.321,0.544,0.0,0.908,0.697,0.699,0.879,1.274,0.703,0.756,0.688,0.687,3.5,BOS,TOR
0826,0.743,1.051,0.775,0.678,0.668,0.639,0.668,0.367,0.789,5.94,0.654,0.798,0.961,0.865,1.037,1.0,0.737,0.715,0.462,4.84,BAL,TB
0826,0.887,0.84,0.969,0.908,0.948,1.039,0.768,0.643,0.591,1.32,0.787,1.101,1.115,0.846,1.067,0.232,0.844,0.733,0.566,4.6,NYY,ATL
0826,0.78,0.769,0.742,0.716,0.828,0.755,0.544,0.339,0.569,3.24,0.799,0.693,1.088,0.773,0.679,0.649,0.911,0.556,0.685,4.75,MIN,CLE
0826,0.726,0.833,0.623,0.781,0.663,0.451,0.623,0.682,0.923,9.53,0.961,0.751,0.678,0.754,0.72,0.921,0.706,0.559,0.47,5.06,CHC,DET
0826,0.892,0.905,0.883,1.161,1.009,0.775,0.669,0.586,0.541,1.93,0.705,0.754,0.788,0.721,0.803,0.481,0.561,0.672,1.285,2.29,MIA,NYM
0826,0.849,0.662,0.526,0.938,0.779,0.734,0.734,0.817,0.71,7.82,0.678,0.714,0.787,0.857,0.765,0.527,0.712,0.0,0.321,5.81,0.661,OAK
0826,0.847,0.646,0.679,1.012,1.066,0.808,0.665,0.598,0.62,3.46,0.807,0.904,0.837,0.675,0.758,0.574,0.512,0.576,0.817,4.0,0.501,KC
0826,0.844,0.779,0.832,0.752,0.84,0.588,0.712,0.49,0.378,8.33,0.719,0.985,0.753,0.993,0.833,0.607,0.133,0.769,0.513,6.23,COL,ARI
0827,0.863,1.032,0.943,0.863,1.01,0.943,0.715,.646,0.619,1.89,0.638,0.788,1.014,0.875,.920,0.617,0.55,0.488,0.298,3.0,SEA,SD
0827,0.655,0.66,0.99,1.013,0.656,0.646,0.682,0.727,0.535,1.69,0.718,0.644,0.651,0.507,0.657,0.801,0.608,0.418,,2.84,PIT,STL
0827,1.022,0.842,0.805,0.759,0.896,1.007,0.762,,0.54,3.29,0.997,0.94,0.817,0.759,0.805,0.758,0.763,0.672,0.662,2.25,LAD,SF
0827,0.665,0.792,0.759,0.711,0.622,0.562,0.682,0.333,0.506,3.72,,0.924,1.01,0.616,0.702,0.748,0.6,,0.813,2.21,CIN,MIL
0827,0.863,1.032,0.943,0.863,0.943,1.01,0.797,0.622,.646,3.52,0.638,0.788,1.014,0.875,.920,0.31,0.62,0.488,0.364,6.3,0.608,SEA
0827,0.66,0.789,0.99,1.013,0.656,0.646,0.535,0.75,0.945,3.6,0.718,0.548,0.657,0.507,0.608,0.644,0.418,0.333,0.397,5.4,PIT,STL
0827,0.666,1.022,0.842,0.805,1.007,0.896,0.676,0.759,0.762,4.65,0.997,0.94,0.817,0.759,0.758,0.672,0.805,0.807,,0.71,0.712,
0827,0.622,0.792,0.759,0.837,0.711,0.665,0.728,0.562,0.762,6.65,,0.924,1.01,0.616,0.702,0.748,0.6,0.649,0.516,9.72,0.675,0.682
0828,1.096,0.964,0.652,0.614,0.578,0.352,,0.652,0.541,4.66,0.661,0.867,0.963,0.76,1.051,0.598,1.101,0.5,0.517,6.43,NYM,NYY
0828,0.902,0.94,0.779,0.987,0.748,0.857,0.604,0.586,0.456,3.19,0.795,0.959,0.977,0.836,0.981,1.0,0.717,0.468,0.693,10.13,BAL,TOR
0828,0.641,0.821,1.091,0.933,0.706,0.847,1.042,0.88,0.669,2.76,0.93,0.856,0.991,0.936,0.921,1.034,0.721,0.629,0.565,5.14,ATL,PHI
0828,1.031,0.973,0.739,1.038,0.679,0.775,0.867,0.757,0.756,13.5,0.839,0.847,0.82,0.674,0.732,0.549,0.512,0.587,0.969,3.99,KC,CHW
0828,,0.98,1.13,0.648,0.734,0.833,0.734,1.167,0.549,4.41,0.986,0.739,0.669,0.768,0.691,0.83,0.709,0.71,0.923,3.55,CHC,CIN
0828,0.694,0.703,0.798,0.714,0.678,0.549,0.485,0.451,1.124,5.4,0.77,1.073,0.814,0.662,0.895,0.794,0.787,0.667,0.468,4.45,TB,MIA
0828,0.908,0.963,0.867,1.101,1.051,0.76,0.661,1.033,0.0,2.91,1.096,0.964,0.728,0.614,0.791,0.352,.444,0.652,0.962,2.77,NYY,NYM
0828,0.874,0.674,0.686,0.847,1.275,0.725,0.735,0.687,0.631,3.45,0.943,1.279,0.74,0.823,0.641,0.686,0.731,0.578,0.642,4.31,WSH,BOS
0828,0.671,0.735,0.896,0.762,0.705,0.734,0.688,0.514,0.473,6.75,0.97,0.93,0.804,0.757,0.849,0.752,0.737,0.822,0.629,2.79,LAD,TEX
0828,0.719,0.732,0.808,0.579,0.64,0.667,0.707,0.624,,3.42,0.697,0.564,0.644,0.515,0.63,0.547,0.339,0.814,,6.17,PIT,MIL
0828,0.623,0.725,0.985,1.015,0.651,0.705,0.646,0.735,0.566,5.25,0.786,0.79,0.752,0.719,0.829,0.802,0.545,0.36,0.562,1.5,CLE,STL
0828,0.736,0.999,0.776,1.006,0.669,0.722,0.782,0.823,0.512,2.87,0.836,1.035,1.017,0.846,0.943,1.02,0.818,0.472,0.61,3.03,SD,COL
0828,0.685,0.749,0.86,0.867,0.765,0.584,0.698,1.016,0.513,2.25,1.002,0.667,0.776,0.979,0.824,0.874,0.69,0.626,0.25,3.45,SF,ARI
0828,0.835,0.667,0.897,0.982,0.62,0.392,0.47,0.736,0.575,5.52,0.655,0.808,0.989,0.875,.938,0.611,0.608,0.534,0.536,4.12,SEA,LAA
0829,0.99,1.094,0.745,0.774,1.1,0.682,.558,0.9,0.49,6.39,0.911,0.829,0.966,0.759,1.021,0.576,1.163,0.57,0.148,7.71,NYM,NYY
0829,0.709,0.849,0.66,0.782,0.673,0.864,0.524,0.729,0.794,8.48,0.682,0.905,1.05,0.672,.708,0.764,0.514,0.838,0.638,1.78,MIN,DET
0829,0.679,0.78,1.05,0.917,0.848,0.733,0.807,1.1,0.725,5.12,0.947,0.822,0.992,0.951,0.92,0.672,0.586,1.01,0.548,3.93,ATL,PHI
0829,0.693,0.8,0.966,1.062,0.704,0.799,0.632,0.628,0.892,1.98,0.772,0.813,0.767,0.776,0.886,0.837,0.59,0.524,0.598,4.5,CLE,STL
0829,0.997,0.782,0.778,1.029,1.005,0.679,0.899,0.626,0.627,3.13,0.845,0.833,0.857,0.708,0.752,0.583,0.49,0.581,0.69,5.16,KC,CHW
0829,0.647,0.963,1.169,0.728,0.681,0.779,,0.573,0.545,1.65,0.968,0.76,0.647,0.804,0.714,0.889,0.67,0.89,0.626,1.7,CHC,CIN
0829,0.71,0.593,0.78,0.873,0.879,0.791,0.765,0.772,0.267,5.74,0.677,0.977,0.787,0.849,0.756,0.849,0.704,0.657,0.672,2.97,OAK,HOU
0829,0.709,0.849,0.66,0.782,0.673,0.524,0.544,0.745,0.607,10.38,0.682,0.838,1.05,0.764,0.905,0.672,0.665,0.564,0.619,1.29,0.79,MIN
0829,0.71,0.665,0.909,0.765,0.418,0.507,0.513,0.295,1.027,1.98,0.788,1.044,0.803,0.655,0.88,0.779,0.815,0.639,0.471,3.6,TB,MIA
0829,0.876,0.961,0.813,1.01,0.821,0.599,0.9,0.605,0.479,4.00,0.826,0.922,0.963,0.862,0.937,0.962,0.908,0.697,0.679,3.73,BAL,TOR
0829,0.691,0.754,0.716,0.772,0.7,0.803,0.402,0.5,0.564,1.59,0.96,0.955,0.729,0.734,0.769,0.769,0.836,0.0,0.713,5.46,LAD,TEX
0829,0.748,0.768,0.72,0.677,0.597,0.623,0.609,0.688,0.65,3.52,0.672,0.602,0.629,0.538,0.807,0.544,0.606,0.396,0.463,4.8,0.493,PIT
0829,0.71,0.593,0.78,0.873,0.879,0.791,0.765,1.0,0.772,2.29,0.704,.845,0.849,0.849,0.756,0.977,0.787,0.833,0.296,5.22,OAK,HOU
0829,0.853,0.676,0.663,0.842,1.247,0.717,0.726,0.679,0.676,6.35,0.97,1.263,0.799,0.803,0.667,0.691,0.772,0.609,0.691,6.48,WSH,BOS
0829,0.647,0.963,1.169,0.728,0.681,0.762,,0.707,0.833,1.65,0.968,0.804,0.76,0.714,0.889,0.672,0.89,0.626,0.513,4.55,CHC,CIN
0829,0.846,0.774,0.865,0.757,0.859,0.575,0.7,0.499,0.443,7.77,0.998,0.635,0.815,1.001,0.821,0.541,0.734,0.608,0.627,1.64,SF,ARI
0829,0.769,0.988,0.804,0.967,0.754,0.765,0.73,0.636,0.496,3.96,0.8,1.026,1.028,0.9,0.988,0.989,0.712,.667,0.472,11.57,SD,COL
0829,0.822,0.684,0.939,0.96,0.642,0.462,0.442,1.067,0.583,2.58,0.668,0.775,0.974,0.871,.915,0.636,0.604,0.515,0.536,3.51,SEA,LAA
0830,0.991,1.102,0.726,0.756,0.593,0.607,0.706,.544,0.462,6.59,0.88,0.934,0.812,1.122,0.982,0.757,0.658,0.638,0.629,6.43,NYM,NYY
0830,0.709,0.97,1.167,0.691,0.721,0.733,0.517,,0.517,3.62,0.994,0.85,0.631,0.78,0.687,0.863,0.845,0.744,0.578,6.06,CHC,CIN
0830,0.731,0.84,0.707,0.842,0.691,0.88,0.555,0.541,0.823,7.04,0.795,0.668,1.098,0.872,0.546,0.65,0.657,0.583,0.609,2.21,MIN,DET
0830,0.674,0.673,0.667,0.742,0.525,0.66,1.026,0.414,0.0,1.35,0.813,0.661,0.81,0.652,0.86,,0.636,0.632,2.0,3.04,TB,MIA
0830,0.858,0.655,0.666,0.899,0.787,0.765,0.659,,0.658,7.29,1.027,1.212,0.805,0.628,0.801,0.655,0.82,0.72,0.662,6.65,WSH,BOS
0830,1.048,0.998,0.737,1.006,0.941,0.902,0.757,0.729,0.697,6.23,0.836,0.868,0.859,0.771,0.762,0.657,0.47,0.57,0.938,5.96,KC,CHW
0830,0.717,0.812,0.959,0.613,0.708,0.75,0.741,0.624,1.833,3.19,0.734,0.566,0.627,0.592,0.51,0.617,0.495,0.468,0.333,4.8,PIT,MIL
0830,0.59,0.668,0.969,1.048,0.713,0.679,0.617,0.757,0.521,2.88,0.768,0.836,0.764,0.745,0.862,0.815,0.505,0.473,0.642,3.15,CLE,STL
0830,0.656,0.739,0.83,0.774,0.728,0.705,1.768,0.806,0.71,5.73,0.982,0.931,0.768,0.765,0.833,0.743,0.729,0.818,0.0,0.0,LAD,TEX
0830,0.884,0.936,0.609,1.01,0.827,0.809,0.721,0.499,0.281,4.91,0.816,0.924,0.98,0.847,0.897,0.768,0.4,0.668,0.434,8.38,BAL,TOR
0830,0.781,0.988,0.794,0.938,0.773,0.734,0.667,0.784,0.493,3.54,0.793,1.022,1.012,0.882,0.995,0.989,0.885,0.631,0.614,5.15,SD,COL
0830,0.829,0.752,0.853,0.733,0.872,0.6,0.683,0.341,0.509,2.33,0.984,0.644,0.847,1.038,0.86,0.531,0.761,0.646,0.519,5.4,SF,ARI
0830,0.825,0.658,0.993,0.984,0.826,0.644,0.555,1.071,0.673,4.88,0.691,0.769,0.952,0.844,0.68,0.611,0.478,0.402,0.243,5.57,SEA,LAA
0830,0.658,0.934,1.122,0.812,0.982,0.757,0.573,1.286,0.4,2.03,0.991,1.102,0.726,1.071,0.805,0.756,0.745,0.462,0.573,,NYY,NYM
0830,0.691,0.851,1.045,0.912,0.723,0.815,1.019,0.388,0.679,4.32,0.902,0.824,0.975,0.92,0.894,0.907,0.728,0.672,0.582,3.99,ATL,PHI
0831,0.645,0.741,1.106,0.661,1.014,1.0,1.029,0.55,0.855,1.8,0.705,0.9,0.785,0.733,0.355,0.671,1.012,0.45,0.598,0.0,MIA,NYM
0831,0.866,0.941,0.827,1.001,0.707,.468,0.573,0.506,0.624,3.68,0.801,0.902,0.967,0.864,0.901,0.921,1.08,0.675,0.667,8.1,BAL,TOR
0831,0.657,0.991,0.954,0.67,0.478,0.525,0.0,0.538,0.929,2.89,0.671,0.745,0.973,0.819,0.678,0.606,,0.385,0.217,3.63,SEA,LAA
0831,0.744,0.94,1.122,0.679,0.708,0.899,,0.754,0.491,5.71,0.576,0.683,0.961,0.978,0.817,0.698,0.609,0.848,0.528,3.32,STL,CIN
0831,0.975,1.064,0.631,1.054,0.796,0.727,0.618,.485,0.658,3.51,0.5,1.01,0.801,0.672,0.886,0.816,0.776,0.682,0.473,5.14,TB,NYY
0831,0.734,0.903,1.009,0.902,0.863,0.748,0.869,0.745,0.772,6.17,1.033,1.189,0.791,0.774,0.669,0.662,0.863,0.689,0.604,3.57,WSH,PHI
0831,0.69,0.79,0.707,0.664,0.651,0.997,0.565,0.667,0.532,3.68,0.739,0.586,0.643,0.616,0.857,0.813,0.549,0.362,0.581,5.34,PIT,MIL
0831,0.867,0.805,0.848,0.734,0.765,0.657,0.455,0.559,0.978,2.08,0.768,0.822,0.756,0.723,0.847,0.861,0.473,0.442,0.644,1.35,CLE,KC
0831,0.779,0.701,1.089,0.749,0.853,0.622,0.645,0.531,0.665,3.55,0.997,0.958,0.996,0.707,0.938,0.92,0.723,0.739,0.823,3.09,CHW,MIN
0831,0.783,0.96,0.815,0.917,0.69,0.75,0.763,0.788,0.497,4.5,0.842,1.052,1.005,0.91,1.177,0.957,1.035,.903,0.668,5.17,SD,COL
0901,0.753,0.912,0.793,0.714,0.667,0.641,0.516,,0.92,1.94,0.59,0.7,1.016,0.924,0.872,0.653,0.608,0.84,0.4,1.08,STL,CIN
0901,0.704,0.827,0.92,0.757,0.755,0.406,1.01,0.557,0.648,3.04,0.834,0.915,0.66,0.796,0.82,0.746,0.63,0.691,0.265,0.0,TOR,MIA
0901,0.965,1.072,0.79,1.006,0.816,0.688,0.591,0.444,0.589,3.48,0.752,0.983,0.788,0.778,0.72,0.908,0.728,0.755,0.45,5.14,TB,NYY
0901,0.708,0.946,0.999,0.884,0.748,0.85,0.944,0.768,0.739,3.0,1.077,1.252,0.766,0.741,0.653,0.69,0.83,0.636,0.68,3.82,WSH,PHI
0901,0.753,0.609,0.617,0.606,0.829,0.851,,0.589,0.373,2.52,1.041,0.594,0.843,0.617,0.833,0.668,0.961,0.717,0.783,4.55,CHC,PIT
0901,0.893,0.702,0.754,0.919,0.637,0.663,,0.297,0.621,6.0,0.83,0.984,0.922,1.025,0.871,0.757,0.732,0.64,0.525,1.5,ATL,BOS
0901,0.644,0.913,0.97,0.832,0.897,0.981,0.681,0.731,0.432,5.13,0.861,0.917,1.088,1.058,0.681,0.719,0.974,0.652,0.286,,NYM,BAL
0901,0.719,0.78,0.734,0.653,0.656,0.583,0.537,0.721,0.681,6.31,0.742,0.87,0.716,0.865,0.672,0.853,0.538,0.488,0.839,8.79,DET,MIL
0901,0.843,0.817,0.844,0.7,0.772,0.982,0.549,0.509,0.561,11.12,0.77,0.813,0.749,0.716,0.867,0.804,.000,0.414,0.607,1.29,CLE,KC
0901,0.757,0.592,0.818,0.865,0.921,0.78,0.8,0.535,0.771,2.35,0.656,0.698,0.793,0.759,0.725,0.494,0.841,1.318,,5.4,TEX,HOU
0901,0.899,0.676,1.068,0.624,0.736,0.533,0.681,.608,0.697,,0.966,0.734,0.996,0.698,0.921,0.96,0.621,0.0,0.819,2.7,CHW,MIN
0901,0.77,0.795,0.805,0.905,0.712,0.729,0.737,0.704,0.511,5.45,0.967,0.694,0.834,0.99,0.847,0.842,0.751,0.515,0.639,4.54,SF,COL
0901,0.991,0.951,0.804,0.775,0.726,0.892,0.631,1.012,0.455,3.67,0.754,0.744,0.846,0.642,0.814,0.667,0.955,0.516,0.521,4.7,ARI,LAD
0902,0.766,0.934,0.798,0.896,.000,0.778,0.772,0.7,0.517,3.43,0.884,0.986,0.833,0.841,0.695,0.88,0.623,1.0,0.656,4.35,SF,COL
0902,0.667,0.94,0.972,0.875,0.885,0.879,0.686,0.805,0.447,8.59,0.722,0.774,0.898,0.702,1.088,0.7,0.627,0.786,0.547,7.41,NYM,BAL
0902,0.81,0.898,1.117,0.726,0.649,1.000,0.513,,0.519,3.91,0.672,0.722,1.037,1.069,0.851,0.681,0.603,0.621,0.614,3.6,STL,CIN
0902,0.737,.841,0.966,0.776,0.745,0.676,0.589,0.507,0.0,2.25,0.832,0.886,.000,0.993,0.822,0.757,0.624,0.579,0.574,2.68,TOR,MIA
0902,1.031,1.068,0.778,0.966,0.833,0.687,0.572,0.64,0.548,4.44,0.73,0.542,0.743,0.973,0.97,0.771,0.613,1.464,,5.4,TB,NYY
0902,0.733,0.83,1.012,0.889,0.899,0.738,0.856,0.484,0.695,2.58,1.057,1.219,0.753,0.733,0.668,0.719,.304,0.656,0.655,3.86,WSH,PHI
0902,0.587,0.591,0.623,0.598,0.876,1.6,0.522,.000,0.809,6.75,1.064,0.685,0.815,0.612,0.72,.000,.000,0.765,0.556,4.09,CHC,PIT
0902,0.889,0.757,0.914,0.674,0.832,0.603,0.669,0.875,0.606,9.0,0.836,0.985,1.002,0.969,0.89,0.768,0.696,0.629,0.546,6.00,ATL,BOS
0902,0.74,0.812,0.731,.647,0.656,0.594,0.645,0.514,0.712,4.36,0.81,0.891,0.704,0.858,0.908,0.619,0.594,0.726,0.748,2.97,DET,MIL
0902,0.82,0.844,0.833,0.771,0.918,0.657,0.451,0.566,0.916,4.26,0.766,0.853,0.771,0.705,0.947,0.749,0.667,0.546,0.646,2.7,CLE,KC
0902,0.733,0.599,0.873,0.832,0.9,0.787,0.773,0.4,0.796,3.77,0.762,0.719,0.636,0.728,0.738,0.532,0.733,1.0,0.762,6.5,TEX,HOU
0902,0.749,0.614,0.68,1.101,0.744,0.861,0.642,0.572,0.634,4.75,0.985,0.773,0.718,0.983,0.916,0.669,0.93,0.615,0.806,9.0,CHW,MIN
0902,0.67,0.96,0.935,0.522,0.642,0.686,0.505,0.844,0.512,9.17,0.815,1.055,0.982,0.939,.000,1.034,0.697,0.707,0.534,2.35,SD,LAA
0902,0.981,0.962,0.812,0.785,0.759,0.718,0.879,0.911,0.414,4.32,0.799,0.738,0.821,0.711,0.638,0.0,0.686,0.449,0.576,2.09,ARI,LAD
0903,0.559,0.747,0.893,0.556,0.59,0.598,1.400,0.446,0.473,4.5,1.061,0.6,0.822,0.627,0.841,0.714,0.974,0.653,0.786,5.23,CHC,PIT
0903,0.718,0.596,0.903,0.813,0.878,0.25,0.77,0.799,0.444,2.68,0.656,0.738,0.623,0.706,0.736,0.772,1.404,0.528,0.0,1.93,TEX,HOU
0903,0.7,0.962,0.989,0.884,0.803,0.723,0.922,0.833,1.091,4.1,0.657,1.028,1.188,0.725,0.721,0.3,0.623,0.645,0.656,6.9,WSH,PHI
0903,0.717,0.797,0.96,.000,1.046,0.722,0.833,0.558,0.367,5.19,1.0,1.022,0.761,1.018,0.633,0.849,0.633,0.333,0.539,4.05,NYY,NYM
0903,0.71,0.984,0.928,0.521,0.67,.000,0.214,0.48,0.714,4.62,0.738,1.042,0.976,0.992,.833,0.967,0.444,1.011,0.624,3.18,SD,LAA
0903,0.904,0.771,0.898,0.692,0.695,0.702,0.577,0.583,0.75,4.58,0.809,0.858,0.978,0.796,0.796,.500,0.555,0.56,0.54,3.27,TOR,BOS
0903,0.799,0.855,0.662,0.755,0.667,0.516,0.556,0.441,0.836,4.11,0.951,0.896,0.732,0.98,0.661,0.76,0.902,0.685,0.771,3.0,CHW,KC
0903,1.002,0.956,0.763,0.783,0.74,0.702,0.709,0.61,0.71,1.8,0.764,0.779,0.839,0.722,0.665,0.65,0.844,0.398,0.572,8.23,ARI,LAD
0904,0.675,0.683,1.087,0.892,0.609,0.495,,0.638,0.583,3.12,0.801,0.879,0.706,0.858,0.96,0.612,0.552,0.692,0.668,7.27,DET,MIN
0904,0.735,0.618,0.642,0.902,0.575,0.594,0.889,0.573,0.786,4.0,0.792,0.894,0.709,0.727,1.076,0.635,0.994,0.418,0.632,4.1,CIN,PIT
0904,0.886,0.768,0.88,0.718,0.754,0.727,0.625,0.566,0.583,7.71,0.821,0.837,0.814,1.005,0.778,0.82,0.623,0.591,0.547,5.33,TOR,BOS
0904,0.921,0.808,0.978,1.028,0.899,0.768,0.816,0.816,0.453,27.00,0.65,1.054,0.735,0.698,0.822,0.922,0.745,0.7,0.258,7.99,WSH,ATL
0904,0.801,0.879,0.706,0.858,0.96,0.612,0.671,0.563,0.668,4.13,0.675,0.892,1.087,,0.754,0.609,0.698,0.495,0.614,1.08,MIN,DET
0904,0.666,0.909,0.961,0.857,0.877,0.792,0.263,0.68,0.474,3.48,0.977,1.023,0.647,0.958,0.604,0.582,0.653,0.632,0.525,6.23,NYY,BAL
0904,0.731,0.953,0.734,0.74,0.983,0.711,0.724,0.751,0.456,1.74,0.733,.845,0.958,0.759,0.775,1.01,0.651,0.465,0.553,2.1,MIA,TB
0904,0.746,0.83,0.796,0.685,0.962,0.882,0.4,.000,0.647,3.75,0.715,0.741,0.824,0.955,.457,0.71,1.0,0.666,0.821,2.78,MIL,CLE
0904,0.866,0.94,0.817,1.011,1.074,0.733,0.733,0.629,0.679,6.0,0.727,0.978,0.845,0.873,0.703,0.891,0.867,0.92,0.657,6.49,PHI,NYM
0904,0.921,0.808,0.978,1.028,0.872,0.899,0.768,0.816,0.636,3.86,0.65,1.054,0.698,0.691,0.596,0.922,0.7,0.745,0.266,4.91,WSH,ATL
0904,0.821,0.837,0.814,1.005,.397,0.82,0.639,0.623,0.231,5.61,0.886,0.625,0.768,0.689,0.566,0.727,0.521,0.327,0.596,7.88,BOS,TOR
0904,0.773,0.891,0.821,0.759,0.688,1.000,0.582,0.44,0.549,5.19,0.999,0.745,0.981,0.692,0.918,0.879,0.968,0.584,0.794,2.89,CHW,KC
0904,0.982,0.971,0.774,0.762,0.814,0.687,0.757,0.876,0.343,2.83,0.761,0.959,0.783,0.896,.750,0.685,0.816,0.825,0.504,3.32,COL,LAD
0905,0.756,0.925,0.705,0.743,0.5,0.601,0.782,0.735,0.478,3.14,0.74,.835,0.779,0.749,0.61,0.393,0.674,0.469,0.962,5.06,MIA,TB
0905,0.735,0.642,0.632,0.888,0.602,0.568,0.593,.917,0.767,5.5,0.785,0.9,1.043,0.741,0.744,.333,,0.399,0.565,7.71,CIN,PIT
0905,0.747,0.582,0.998,0.664,0.542,.000,0.487,0.71,0.493,4.04,0.745,0.535,0.951,0.826,0.879,0.778,0.848,0.528,0.364,5.4,HOU,LAA
0905,1.026,0.821,1.005,1.048,0.922,0.835,0.782,0.81,0.631,1.6,0.662,1.051,0.71,0.71,0.712,0.559,0.309,0.741,0.706,4.71,WSH,ATL
0905,0.746,0.809,0.776,0.667,0.957,0.873,0.462,0.499,0.314,3.72,0.74,0.78,0.804,0.6,1.333,0.674,0.583,0.703,0.905,3.67,MIL,CLE
0905,0.865,0.96,0.823,1.01,1.033,1.100,0.708,0.696,1.000,2.12,0.715,0.966,0.964,0.846,0.891,0.707,0.818,0.635,0.752,5.4,PHI,NYM
0905,0.794,0.887,0.947,0.912,1.02,0.711,0.818,0.385,0.545,3.52,0.734,0.987,0.636,0.924,0.61,0.399,0.353,0.538,0.514,3.91,NYY,BAL
0905,0.662,0.687,0.966,1.086,0.805,0.433,0.605,0.077,0.796,0.79,1.068,0.762,0.825,0.606,.091,0.977,0.67,0.579,0.776,3.75,CHC,STL
0905,1.009,0.969,0.783,0.768,0.711,0.843,0.427,0.835,0.668,0.51,0.789,0.928,0.772,0.895,.917,0.685,0.822,0.848,0.491,4.88,COL,LAD
0905,0.695,0.908,0.919,0.816,.833,0.773,0.632,0.324,.250,4.75,0.586,0.733,0.726,0.837,0.631,0.513,0.1,0.714,0.7,6.16,TEX,SEA
0905,1.111,0.864,1.013,0.798,0.693,1.088,1.267,0.658,0.682,2.51,0.741,0.793,0.834,0.711,0.614,0.558,0.696,0.417,0.54,9.35,ARI,SF
0905,0.745,0.588,0.951,0.826,0.879,0.778,0.737,0.364,0.31,,0.493,0.542,0.998,0.935,0.647,0.487,0.449,.000,0.25,,LAA,HOU
0906,0.766,0.833,0.774,0.649,0.941,0.446,0.536,0.847,0.393,,0.724,,0.803,1.238,0.717,0.666,0.733,1.0,0.833,4.18,MIL,CLE
0906,0.786,0.835,0.893,0.979,0.713,0.792,0.429,0.579,0.481,,0.952,,0.662,0.973,0.535,0.387,0.667,.810,0.509,3.38,NYY,BAL
0906,1.059,0.805,0.988,1.043,0.957,0.756,0.852,0.805,0.475,4.37,0.69,0.647,1.053,0.694,0.476,0.822,0.624,0.566,0.726,3.79,WSH,ATL
0906,0.843,0.961,0.842,0.992,0.994,0.727,0.735,0.611,0.735,1.76,0.713,0.97,0.952,0.821,0.726,0.801,1.119,0.56,0.743,2.45,PHI,NYM
0906,1.2,0.724,0.86,0.742,0.797,0.602,0.757,0.672,0.595,9.00,0.808,.418,0.792,0.889,0.718,0.811,0.639,1.0,0.746,2.70,TOR,BOS
0906,0.743,0.84,0.77,0.842,0.681,.900,0.471,0.75,0.574,14.09,1.016,0.796,0.988,0.677,0.873,0.885,0.597,0.671,0.0,2.42,CHW,KC
0906,0.711,0.636,0.887,0.726,0.762,0.563,0.605,0.466,0.0,3.94,0.834,0.864,0.707,0.839,0.878,0.57,0.528,0.519,,6.75,DET,MIN
0906,0.794,0.643,0.946,0.673,0.543,0.838,0.487,0.444,.080,2.63,0.826,0.759,0.919,0.913,0.789,0.476,0.493,0.833,0.429,2.58,0.501,HOU
0906,0.814,0.783,0.825,0.768,0.823,0.934,0.763,0.345,0.655,4.86,0.832,1.043,0.898,0.964,0.397,0.933,0.951,.600,0.685,4.63,SD,OAK
0906,1.093,0.543,0.787,0.595,0.824,0.748,0.973,0.743,0.813,5.11,0.656,0.683,0.962,0.845,0.681,0.0,0.7,0.521,0.774,2.77,STL,CHC
0906,0.53,0.963,0.763,0.758,0.832,0.936,0.749,0.691,0.605,3.27,0.807,0.917,0.764,0.925,.783,0.709,0.885,0.793,0.571,4.81,COL,LAD
0907,1.073,0.822,1.0,1.075,0.925,0.793,0.765,0.522,0.523,2.25,0.711,.827,0.783,0.756,0.83,0.703,0.25,0.992,0.427,,MIA,ATL
0907,0.873,0.991,0.817,1.043,0.958,0.791,0.768,0.714,.833,3.03,0.692,0.941,0.957,0.85,0.708,0.797,0.919,0.76,0.333,2.2,PHI,NYM
0907,0.586,0.803,0.697,0.758,0.607,0.678,0.632,0.525,0.52,3.0,0.844,0.883,0.71,0.86,0.922,0.576,0.626,0.653,0.55,7.27,DET,MIN
0907,1.062,0.576,0.801,0.588,0.801,0.751,0.646,.467,0.847,3.78,0.673,0.697,0.966,1.036,0.86,0.683,0.622,0.665,0.891,4.3,STL,CHC
0907,0.685,0.896,0.917,0.863,.833,0.606,.619,.393,0.449,3.09,0.738,0.744,0.707,0.728,0.729,0.739,1.106,0.509,0.482,5.4,TEX,SEA
0907,0.651,1.052,0.55,0.722,0.958,0.619,0.563,0.678,0.668,3.95,0.694,0.901,0.698,0.745,0.924,0.77,0.727,0.182,0.83,4.82,TB,WSH
0907,0.748,0.843,0.794,0.674,0.916,0.803,0.375,0.533,0.371,1.33,0.726,0.826,0.763,0.654,0.686,0.714,1.000,0.479,0.743,1.93,KC,CLE
0907,0.806,0.845,0.923,0.771,0.832,.638,0.71,0.517,0.57,2.51,0.919,0.945,0.73,0.941,0.649,0.541,0.634,0.476,0.534,5.76,NYY,TOR
0907,0.988,0.886,0.904,1.117,0.877,0.778,.522,0.713,0.694,4.43,0.405,0.773,0.835,0.755,,0.709,0.681,0.481,0.531,1.8,ARI,SF
0907,1.063,0.948,0.893,1.018,0.918,0.969,,0.679,0.831,2.62,0.825,0.908,0.896,0.752,.860,0.666,0.723,0.807,0.478,4.09,COL,SD
0908,0.696,0.674,0.967,0.988,0.853,0.668,0.643,0.898,0.518,14.73,0.654,0.756,0.72,1.059,0.771,0.876,0.626,0.741,0.5,4.29,MIN,STL
0908,0.687,0.945,0.934,0.878,0.777,0.782,0.899,0.738,1.268,4.45,0.873,0.774,0.879,0.717,0.697,0.744,0.639,0.788,,4.07,BOS,PHI
0908,0.433,0.676,0.632,1.039,1.211,0.769,0.689,0.95,0.598,7.02,0.675,0.895,1.726,0.72,0.741,0.701,0.753,0.896,0.556,3.65,0.547,TB
0908,0.731,0.577,0.807,0.677,0.928,0.771,0.615,0.466,0.627,1.69,0.721,0.499,0.834,0.781,0.664,,.682,0.576,0.738,4.32,KC,CLE
0908,0.806,0.874,0.869,0.788,0.908,0.808,0.74,0.801,0.469,2.91,0.811,0.663,0.753,0.762,0.929,0.797,0.51,0.657,0.764,6.06,OAK,HOU
0908,0.812,0.83,0.909,0.78,0.851,0.71,,0.622,0.551,3.26,0.922,0.973,0.765,0.945,0.66,0.666,0.587,0.591,0.492,4.68,NYY,TOR
0908,0.644,0.791,0.623,0.857,0.559,0.576,1.143,0.585,0.791,6.62,0.985,0.73,0.816,0.98,0.864,0.71,0.886,0.62,0.758,3.29,CHW,PIT
0908,1.051,0.844,1.016,1.051,0.736,0.877,0.884,0.583,0.555,7.2,0.698,.815,0.791,0.753,0.745,0.767,0.167,1.077,0.431,2.37,MIA,ATL
0908,0.83,0.859,0.691,0.89,0.919,0.581,0.555,0.631,1.667,3.89,0.728,0.786,0.791,0.949,1.101,0.667,0.691,0.593,0.657,4.97,MIL,DET
0908,0.805,0.819,0.997,.901,0.796,0.909,0.747,0.63,0.599,7.2,0.779,0.955,0.839,0.897,0.946,0.989,0.78,0.722,0.7,8.1,BAL,NYM
0908,0.777,0.945,0.934,0.878,0.782,0.738,0.596,0.222,0.695,6.6,0.589,0.774,0.879,0.717,0.744,0.788,,0.394,0.634,6.0,BOS,PHI
0908,0.705,0.751,0.722,0.739,0.705,0.488,1.079,0.824,0.067,2.67,0.738,0.473,1.071,0.963,0.664,0.644,0.878,0.57,0.573,3.89,LAA,TEX
0908,1.079,0.588,0.778,0.611,0.789,0.753,0.887,0.741,.526,5.5,0.765,0.896,1.014,0.816,0.711,0.741,,0.349,0.621,3.9,CIN,CHC
0908,0.828,1.068,0.935,0.255,0.8,0.917,.472,0.696,0.706,3.00,0.796,0.916,0.874,0.758,.715,0.762,0.721,0.817,0.491,5.0,COL,SD
0908,0.383,0.754,0.823,0.756,0.621,0.724,0.499,0.467,0.718,7.44,1.018,1.01,0.852,0.739,0.761,0.776,0.48,0.769,0.683,3.6,LAD,ARI
0908,0.988,0.87,0.892,1.09,0.853,0.758,.524,0.71,0.687,4.71,0.679,0.934,0.913,0.884,.745,0.74,0.613,.432,0.536,2.57,SEA,SF
0909,0.815,0.857,0.691,0.915,0.946,0.574,,0.622,0.495,6.64,0.672,0.785,0.811,0.952,0.64,0.666,0.665,0.375,0.741,2.35,MIL,DET
0909,0.725,0.827,0.826,0.694,0.904,0.508,0.387,0.531,0.589,3.43,0.746,0.499,0.813,0.772,0.669,0.0,.909,0.593,0.768,4.83,KC,CLE
0909,0.801,0.818,0.722,0.766,0.708,.482,1.133,0.804,1.667,5.74,0.901,0.953,0.778,0.935,0.646,0.643,0.603,0.565,0.506,3.38,NYY,TOR
0909,0.64,0.781,0.604,0.844,0.557,0.595,1.197,0.606,0.799,3.96,0.986,0.733,0.832,0.969,0.861,0.876,0.872,0.593,0.851,3.86,CHW,PIT
0909,1.012,1.022,1.038,0.905,0.833,0.739,0.848,0.468,0.544,11.37,1.04,.790,0.791,0.783,0.835,0.634,0.464,0.535,0.18,3.05,MIA,ATL
0909,0.864,0.973,0.796,1.025,0.916,0.776,0.845,0.744,.500,5.54,0.78,0.947,0.812,1.051,1.004,0.755,0.754,0.859,0.811,5.59,BAL,NYM
0909,0.696,0.747,0.718,0.733,0.733,0.485,1.069,0.738,0.105,0.0,0.698,0.343,1.069,0.957,0.659,0.642,0.563,0.683,0.51,7.94,LAA,TEX
0909,0.835,1.062,0.962,0.408,0.973,0.931,0.911,0.311,0.712,2.23,0.786,0.912,0.867,0.795,.612,0.772,0.959,0.79,0.527,3.33,COL,SD
0909,1.05,0.738,0.759,0.624,0.782,0.617,0.955,0.76,.614,1.44,0.753,0.873,0.994,0.794,0.728,,.485,0.696,0.637,2.05,CIN,CHC
0909,0.803,0.645,0.775,0.756,0.903,0.773,0.41,0.753,0.704,4.23,0.798,0.68,0.97,0.757,0.897,0.78,0.739,0.778,0.441,2.08,HOU,OAK
0909,0.728,0.681,0.829,0.634,0.459,0.0,0.526,0.529,0.404,2.96,0.993,0.991,0.776,0.741,0.762,0.83,0.988,0.793,0.617,1.5,LAD,ARI
0909,0.965,0.931,0.944,0.83,1.086,0.788,0.696,0.734,0.716,5.18,0.685,0.918,0.909,0.874,.921,0.625,.646,0.724,.348,3.86,SEA,SF
0910,0.711,0.698,0.961,0.817,0.455,0.647,0.624,0.835,0.477,2.95,0.803,0.846,0.682,0.896,0.991,0.507,0.0,0.626,0.467,4.7,DET,STL
0910,0.711,0.477,0.787,0.726,0.715,0.998,0.633,0.74,0.653,5.91,0.717,0.583,1.045,0.964,0.657,0.814,0.541,0.647,0.485,2.49,LAA,TEX
0910,0.711,0.698,0.961,0.945,0.817,0.624,0.623,0.217,0.835,0.64,0.803,0.846,0.682,0.896,0.991,0.538,0.0,0.582,1.125,,DET,STL
0910,0.67,0.649,1.036,1.215,0.673,0.911,0.774,0.682,0.577,8.26,1.081,1.047,1.016,0.951,0.855,0.756,0.591,0.746,0.81,6.84,ATL,WSH
0910,0.709,0.695,0.808,0.685,0.903,0.749,0.4,.000,0.671,3.63,0.751,0.499,0.783,0.754,0.664,0.0,1.000,0.622,0.747,5.58,KC,CLE
0910,0.71,.784,0.823,0.785,0.797,0.881,0.994,0.59,0.567,3.78,0.696,0.94,0.907,0.869,0.817,0.745,1.21,0.762,0.639,5.67,PHI,MIA
0910,0.706,1.5,0.646,1.014,0.623,0.884,0.906,0.921,0.708,3.52,0.893,0.827,0.869,0.689,0.735,1.238,0.761,1.033,.667,5.4,BOS,TB
0910,1.022,0.577,0.74,0.609,0.727,0.947,.545,0.737,0.578,2.08,0.731,0.86,0.975,0.773,0.752,,3.5,.472,0.318,3.19,CIN,CHC
0910,0.828,1.039,0.958,0.575,0.979,0.994,0.93,0.25,0.706,4.75,0.978,0.901,0.899,1.051,0.858,0.794,0.748,0.715,0.726,2.65,SF,SD
0910,0.465,0.334,0.804,0.783,0.633,0.726,0.7,0.512,0.504,8.44,0.994,0.96,0.842,0.775,0.777,0.719,0.653,0.96,0.69,2.88,LAD,ARI
0911,0.929,0.934,0.592,0.944,0.697,0.557,0.647,0.385,0.506,3.63,0.772,0.901,1.255,1.075,0.913,0.809,0.76,0.756,0.78,4.33,BAL,NYY
0911,0.724,.808,0.813,0.777,0.783,0.865,0.988,0.606,0.45,3.0,0.686,0.922,0.894,0.901,0.748,0.815,0.91,0.787,0.641,2.74,PHI,MIA
0911,0.675,1.047,1.233,0.614,0.63,0.737,0.707,0.547,0.645,5.29,1.107,1.084,1.004,0.913,0.875,0.745,0.937,0.734,0.548,3.77,ATL,WSH
0911,0.794,0.81,0.721,0.747,0.842,.499,0.676,0.603,0.578,4.94,0.841,0.99,0.784,1.032,0.902,0.813,0.884,0.767,0.614,1.69,NYM,TOR
0911,0.666,0.696,0.905,0.701,0.738,0.723,0.378,.641,0.521,3.74,0.887,0.861,0.869,0.724,0.904,0.74,1.058,0.614,.857,9.95,BOS,TB
0911,0.929,0.934,0.768,0.944,0.697,0.586,0.557,0.592,0.531,3.38,0.772,0.901,1.255,1.075,0.76,0.809,0.756,0.357,0.847,2.08,BAL,NYY
0911,0.768,0.522,0.837,0.79,0.778,0.806,1.065,0.645,0.618,4.89,0.756,0.588,1.074,0.596,0.848,0.601,0.779,0.64,0.575,4.76,PIT,KC
0911,0.732,0.78,0.698,0.715,0.532,0.456,0.903,,0.878,3.68,0.805,0.634,0.75,0.78,0.795,0.861,0.586,0.576,0.765,4.93,OAK,TEX
0911,0.976,0.862,0.953,0.709,0.972,0.866,0.603,1.167,0.824,3.29,0.819,0.822,0.673,0.979,0.948,0.67,0.1,0.607,0.478,6.75,DET,CHW
0911,0.71,0.783,0.808,1.051,0.722,0.709,0.712,1.275,0.844,3.91,1.002,0.6,0.75,0.778,0.762,0.742,0.931,0.619,0.609,5.8,CHC,MIL
0911,0.715,0.908,0.764,1.117,0.876,0.598,0.716,0.573,0.746,2.77,0.79,0.71,0.821,0.676,0.881,0.724,0.357,0.548,0.643,1.25,CLE,MIN
0911,0.708,0.742,0.972,0.936,0.822,0.693,0.666,0.663,0.591,2.68,,0.871,0.719,0.775,.523,0.694,0.71,0.337,0.928,3.95,CIN,STL
0911,0.724,.808,0.777,0.783,0.865,0.444,0.988,0.687,0.586,5.91,0.686,0.922,0.894,0.901,0.748,0.91,0.787,1.075,,2.53,PHI,MIA
0911,0.754,0.921,0.87,0.803,.597,0.792,0.714,0.843,0.503,4.58,0.734,0.837,1.057,0.976,0.657,0.654,0.713,0.663,0.461,4.54,LAA,COL
0911,0.765,0.456,0.815,0.617,0.763,0.707,0.282,0.484,0.561,3.0,0.912,.893,0.896,0.855,0.606,.578,0.711,.497,0.471,5.23,SEA,ARI
0912,0.959,0.982,0.768,0.888,0.736,0.66,0.556,0.523,0.693,5.72,0.75,0.852,1.004,0.891,0.805,1.275,0.759,0.751,0.743,1.5,BAL,NYY
0912,0.602,1.049,1.257,0.695,0.651,0.821,0.664,0.714,0.669,4.34,1.088,1.081,1.052,0.902,0.866,0.723,0.912,0.805,0.631,2.4,0.0,ATL
0912,0.721,.800,0.777,0.743,0.801,0.869,0.571,0.963,0.59,5.4,0.74,0.921,0.876,0.903,0.802,0.756,0.832,0.75,0.364,5.66,PHI,MIA
0912,0.804,1.063,0.709,0.807,0.741,0.82,.459,,0.646,7.51,0.906,0.8,1.011,0.792,1.051,0.926,1.037,0.688,0.595,2.05,NYM,TOR
0912,0.674,0.911,1.371,0.718,0.719,0.891,0.944,0.71,0.538,4.35,0.884,0.864,0.86,0.672,0.837,0.761,1.04,0.622,.545,4.98,BOS,TB
0912,0.961,0.742,0.815,0.933,0.884,0.703,0.85,0.597,0.778,8.38,0.792,0.814,0.677,0.963,0.925,0.653,0.22,0.546,0.973,8.24,DET,CHW
0912,0.73,0.796,0.765,1.017,.928,0.692,0.716,0.602,0.696,4.05,0.99,0.616,0.767,0.742,0.592,0.714,0.908,.382,0.59,3.41,CHC,MIL
0912,0.76,0.555,0.855,0.803,0.768,0.64,,.943,0.599,1.42,0.727,0.624,1.062,0.848,0.646,0.537,0.587,0.585,0.778,5.8,PIT,KC
0912,0.983,0.974,0.857,0.752,1.028,0.714,0.76,0.671,0.691,3.86,0.803,0.813,0.914,0.756,0.858,0.764,0.61,0.738,0.736,3.61,HOU,LAD
0912,0.706,0.875,1.089,0.766,0.858,0.816,0.747,0.561,0.875,3.86,0.784,0.706,0.843,0.667,0.878,0.536,0.362,0.524,0.618,1.32,CLE,MIN
0912,0.745,0.707,0.819,0.623,0.733,0.22,.377,0.543,,2.29,0.925,.953,0.874,0.834,0.709,0.597,.530,0.25,.478,4.34,SEA,ARI
0912,0.756,0.943,0.889,0.795,0.649,0.887,0.481,0.732,0.5,3.6,0.814,0.929,1.065,0.963,0.646,0.651,0.791,0.521,0.693,3.38,LAA,COL
0912,0.702,0.721,0.954,0.913,0.828,0.659,0.0,0.332,0.779,3.19,,0.862,0.744,0.787,.519,0.72,0.584,0.613,0.588,2.49,CIN,STL
0913,0.682,1.043,1.228,0.702,0.751,0.658,0.528,0.633,0.622,3.4,1.068,1.068,1.039,0.905,0.847,0.727,0.908,0.717,0.623,8.05,ATL,WSH
0913,0.947,0.956,0.765,0.9,0.597,0.573,0.517,0.5,0.477,4.31,0.739,0.839,1.039,0.863,0.786,1.159,0.732,0.73,0.711,6.58,BAL,NYY
0913,0.735,1.169,0.722,1.007,0.654,0.905,0.877,0.741,0.887,4.94,1.0,0.717,0.856,0.655,0.754,1.118,0.646,.786,0.478,4.4,BOS,TB
0913,0.776,0.58,0.862,0.792,0.764,0.664,1.25,0.929,0.591,2.6,0.653,0.572,0.822,0.675,0.535,0.616,0.458,0.558,0.433,3.38,PIT,KC
0913,0.981,0.82,0.991,0.907,0.934,0.726,0.609,0.67,0.0,,0.795,0.905,0.665,0.948,0.672,0.18,0.616,0.472,0.753,3.32,DET,CHW
0913,0.738,0.776,0.77,.944,0.986,0.716,0.693,0.521,0.735,5.48,0.969,0.74,0.748,0.745,0.601,0.921,0.837,0.627,0.7,4.74,CHC,MIL
0913,0.753,0.81,0.698,1.072,0.789,0.87,0.619,0.598,0.819,2.77,0.774,0.707,0.873,0.677,0.858,0.73,0.349,0.553,0.347,2.57,CLE,MIN
0913,0.69,0.809,0.958,0.928,0.949,0.672,0.703,1.8,0.827,12.27,,0.842,0.745,0.768,0.751,1.357,.467,0.695,0.345,3.41,CIN,STL
0913,0.73,0.768,0.672,0.541,0.648,0.893,0.856,0.379,0.574,2.52,0.804,0.661,0.732,0.805,0.874,0.763,0.722,0.663,0.675,5.73,OAK,TEX
0913,0.801,1.029,0.742,0.8,0.8,.513,1.143,0.583,0.597,3.19,0.881,0.78,0.999,.807,1.035,0.774,0.634,0.828,.357,4.26,NYM,TOR
0913,0.748,0.939,.570,0.891,0.762,0.829,0.765,0.725,0.479,5.34,0.783,0.996,1.064,0.946,0.661,0.657,0.757,0.497,0.671,4.04,LAA,COL
0913,0.719,.782,0.828,0.741,0.827,0.846,0.613,0.964,0.381,,0.742,0.757,0.929,0.84,0.83,0.877,0.438,1.017,1.0,4.58,PHI,MIA
0913,0.51,.369,0.834,0.766,0.715,0.37,0.714,0.564,0.5,7.12,0.902,1.144,0.834,0.779,0.589,.634,0.45,0.125,0.237,4.09,SEA,ARI
0913,0.82,1.031,0.973,0.597,0.95,0.969,0.909,0.658,0.705,4.91,0.956,0.886,0.922,1.015,0.786,.642,0.746,0.736,0.563,4.56,SF,SD
0913,0.82,1.031,0.973,0.597,0.95,0.969,0.909,.808,0.705,4.5,0.956,0.886,0.888,1.015,0.786,.642,0.746,0.683,0.736,5.23,SF,SD
0913,0.981,0.987,0.839,0.735,1.04,0.709,0.788,0.706,0.698,3.24,0.823,0.807,0.894,0.766,0.739,0.74,0.515,0.598,0.451,3.27,HOU,LAD
0914,,0.829,0.734,0.805,0.74,0.754,0.816,0.646,0.392,1.74,0.728,0.641,0.994,0.827,0.671,0.604,0.555,0.554,0.472,2.0,PIT,CIN
0914,0.713,.807,0.85,0.724,0.823,0.6,0.989,0.381,0.635,4.5,0.736,0.906,0.881,0.831,0.741,0.838,0.801,0.367,,5.85,PHI,MIA
0914,0.722,0.762,0.727,0.945,0.765,0.677,0.674,0.583,1.076,6.06,0.68,0.723,0.948,0.926,0.801,0.829,0.723,0.665,0.828,0.83,STL,MIL
0914,0.893,1.114,0.855,0.818,0.583,.641,.766,0.822,0.623,3.02,0.671,0.826,0.71,0.783,0.786,0.823,0.593,0.712,0.65,3.97,OAK,SEA
0914,,0.829,0.734,0.805,0.74,.620,0.678,0.614,0.883,7.2,0.728,0.641,0.994,0.827,0.671,0.604,0.517,0.555,0.755,3.52,PIT,CIN
0914,0.689,0.828,1.103,0.984,0.728,0.808,0.826,0.519,0.49,6.38,1.026,1.084,1.031,0.908,0.826,0.748,0.917,0.712,0.681,7.89,ATL,BAL
0914,0.981,0.806,0.98,0.927,0.69,0.752,0.839,0.586,0.78,3.33,0.73,0.844,1.089,0.693,0.688,0.769,0.599,1.091,0.475,4.4,MIN,CHW
0914,0.722,0.765,0.762,0.727,.876,0.945,0.674,0.777,0.65,1.99,0.68,0.723,0.948,0.926,0.801,0.723,0.651,0.367,0.535,7.82,STL,MIL
0914,0.999,0.973,0.888,0.976,0.934,0.731,0.952,0.42,0.821,2.24,0.988,0.981,0.68,0.73,0.834,0.715,0.78,0.627,0.68,1.98,LAD,SD
0915,0.714,.827,0.857,0.722,0.83,0.779,1.044,0.589,0.586,3.97,0.875,0.87,0.848,0.648,0.737,0.756,1.061,.889,1.0,,BOS,MIA
0915,,0.797,0.783,0.969,0.741,.711,0.672,0.446,0.654,5.23,0.706,0.61,0.986,0.855,0.706,0.501,0.544,0.471,0.753,5.4,PIT,CIN
0915,0.683,0.92,1.006,0.741,0.721,0.766,0.866,0.718,1.076,1.53,0.694,1.016,1.217,0.725,0.719,0.652,0.527,0.656,0.619,6.81,WSH,TB
0915,0.934,0.933,0.757,1.038,0.873,0.904,0.673,0.565,0.529,3.06,0.803,0.97,0.718,0.801,0.733,0.82,0.675,0.833,0.919,2.95,TOR,NYY
0915,0.748,0.903,0.851,0.811,0.727,0.42,0.947,0.372,0.649,5.54,0.838,0.994,0.777,1.033,0.902,0.768,0.883,0.758,0.692,6.07,NYM,PHI
0915,0.784,0.881,0.661,0.956,0.644,0.692,0.605,0.489,0.145,7.63,0.791,0.567,0.908,0.802,0.829,.929,0.611,0.604,0.601,5.57,KC,DET
0915,0.701,0.891,1.134,1.036,0.848,0.818,0.713,0.723,0.553,3.96,1.006,1.105,1.02,0.892,0.816,0.719,0.914,0.694,0.708,6.75,ATL,BAL
0915,0.735,0.744,0.705,.935,0.746,1.004,0.69,0.666,0.566,4.64,0.72,0.828,0.939,0.678,0.899,0.647,0.698,0.645,0.811,3.08,STL,MIL
0915,0.994,0.758,0.787,0.981,0.937,0.912,0.828,0.775,0.762,2.7,0.742,0.854,0.692,1.066,0.783,0.853,,0.76,0.916,3.61,MIN,CHW
0915,0.835,0.606,0.882,0.806,0.833,0.768,0.748,0.72,0.743,3.72,0.71,,0.773,0.75,0.668,0.57,0.877,0.808,0.452,0.93,TEX,HOU
0915,0.956,0.593,0.715,0.737,0.752,0.601,0.947,0.831,0.658,1.77,0.776,0.69,0.876,0.692,0.844,0.723,0.494,0.342,0.587,3.12,CLE,CHC
0915,0.752,0.929,0.899,0.772,.637,0.781,0.8,0.615,0.741,3.69,0.822,0.695,0.861,0.767,0.797,2.000,0.72,0.662,0.642,4.46,OAK,COL
0915,0.835,0.989,0.963,0.536,0.799,0.995,0.95,0.725,0.633,2.48,0.983,0.97,0.794,1.05,0.707,0.832,0.849,0.656,0.718,1.57,LAD,SD
0915,0.78,0.975,1.051,0.943,0.698,0.635,0.771,0.685,0.677,8.23,0.532,0.661,0.811,0.758,0.62,0.716,0.709,0.549,0.533,7.52,ARI,LAA
0916,0.672,0.904,1.118,0.951,0.73,0.711,0.844,0.738,0.515,3.0,0.677,0.0,0.995,1.202,0.707,0.798,0.562,0.671,0.611,7.99,WSH,TB
0916,0.744,0.928,0.88,0.774,.655,0.864,0.464,0.709,0.503,4.35,0.691,0.837,0.814,0.751,0.779,1.643,0.851,0.731,0.659,5.06,OAK,COL
0916,0.828,0.969,0.954,0.924,0.989,0.533,1.064,.795,0.743,2.53,0.983,0.948,0.816,0.732,1.024,0.702,0.838,0.824,0.599,3.06,LAD,SD
0916,0.734,0.783,0.761,1.187,0.987,0.697,0.67,0.657,0.57,3.4,0.731,0.821,0.95,0.885,0.675,0.635,,0.796,0.629,2.91,STL,MIL
0916,1.026,0.834,0.828,0.783,0.712,0.562,,0.545,0.432,6.5,0.861,0.868,0.851,0.64,0.739,0.895,1.014,0.652,.868,5.0,BOS,MIA
0916,,0.807,0.772,0.941,0.726,0.767,0.672,0.422,0.873,3.44,0.634,0.965,0.844,0.709,0.707,0.556,0.495,0.542,0.442,5.34,PIT,CIN
0916,0.731,0.88,0.839,0.833,0.717,0.96,0.442,0.766,0.627,2.47,0.856,0.986,0.778,1.022,0.901,.842,0.899,0.761,0.676,1.67,NYM,PHI
0916,0.984,1.081,0.777,0.977,0.918,0.968,0.592,0.536,0.469,3.2,0.782,0.972,0.712,0.787,0.768,0.854,0.692,.539,0.593,5.6,TOR,NYY
0916,0.76,0.931,0.711,0.963,0.661,0.732,,0.55,0.614,7.27,0.796,0.554,0.921,0.801,0.814,.842,0.0,0.567,0.615,4.66,KC,DET
0916,0.711,0.903,0.999,0.844,0.804,1.054,0.769,0.532,0.508,4.61,0.991,1.118,1.022,0.899,0.808,0.917,0.701,0.782,0.71,,ATL,BAL
0916,1.019,0.775,0.991,0.927,0.736,0.984,0.82,0.57,0.737,3.43,0.722,0.822,1.059,0.773,0.831,0.798,0.619,0.53,0.614,8.1,MIN,CHW
0916,0.85,0.598,0.889,0.824,0.825,0.761,0.742,0.714,0.786,5.79,0.674,,0.767,0.732,0.668,0.573,0.808,0.801,0.652,6.14,TEX,HOU
0916,0.734,0.783,0.75,0.761,1.187,0.987,0.657,0.64,0.651,3.52,0.731,0.821,0.95,0.885,0.635,0.579,0.675,0.796,0.513,4.66,STL,MIL
0916,0.957,0.607,0.741,0.749,0.734,0.623,0.929,.693,0.598,5.05,0.815,0.655,0.853,0.684,0.826,0.599,0.362,.286,0.586,3.88,CLE,CHC
0916,0.798,1.087,1.042,0.934,0.681,0.656,0.755,0.48,0.713,2.48,0.479,.460,0.821,0.81,0.606,0.74,0.692,0.481,0.592,3.00,ARI,LAA
0916,0.681,0.866,0.884,0.796,.964,.819,0.568,0.678,.754,3.24,0.95,0.866,0.875,0.986,0.911,0.754,0.756,0.672,0.705,2.92,SF,SEA
0917,0.721,.810,0.826,0.707,0.82,0.824,1.031,0.496,0.506,7.71,0.884,0.876,0.839,0.664,0.813,0.756,0.884,0.967,.849,4.82,BOS,MIA
0917,1.006,0.754,0.996,0.921,0.668,0.723,0.811,0.667,0.705,5.52,0.711,0.794,0.685,1.052,0.792,0.842,0.815,0.624,0.856,2.43,MIN,CHW
0917,0.787,1.142,1.038,0.907,0.66,0.703,0.69,0.73,0.724,4.57,0.604,.416,0.816,0.829,0.596,0.775,0.699,0.58,0.624,4.42,ARI,LAA
0917,0.676,0.866,0.881,0.797,.903,.855,0.684,0.561,.721,5.34,1.03,0.907,0.949,0.857,0.904,0.776,0.808,0.653,0.709,4.5,SF,SEA
0917,0.712,0.917,0.96,0.834,0.803,1.002,0.574,0.75,0.502,1.64,0.717,0.946,0.822,1.039,0.663,0.7,0.747,.574,0.494,3.23,TB,BAL
0917,1.047,0.983,0.782,0.964,0.76,0.896,1.017,0.585,0.672,3.16,0.777,0.934,0.781,0.995,0.762,0.692,0.84,0.716,0.588,3.0,TOR,NYY
0917,0.722,0.854,0.821,0.821,0.773,0.945,0.755,0.806,0.0,2.4,0.871,0.984,0.825,1.008,0.889,0.747,0.898,0.751,.294,2.63,NYM,PHI
0917,0.619,0.925,0.821,0.716,0.693,0.598,0.483,0.558,0.731,5.06,0.735,0.797,0.935,0.649,0.63,0.909,0.752,0.564,0.666,2.92,STL,PIT
0917,0.742,0.913,0.695,0.958,0.645,0.699,0.604,0.505,0.122,5.85,0.802,0.712,0.856,0.676,0.819,0.767,0.474,0.433,0.42,1.53,CLE,DET
0917,0.842,0.604,0.863,0.833,0.817,0.749,0.73,0.701,0.778,4.08,0.678,0.749,0.661,0.733,0.58,0.667,0.75,0.379,0.61,7.8,TEX,HOU
0917,1.066,0.655,0.946,0.999,0.822,1.039,0.702,0.966,0.7,4.91,0.703,1.002,0.96,0.834,0.794,0.712,0.699,0.574,0.75,,BAL,TB
0917,0.751,0.919,0.861,0.768,.642,0.753,0.836,0.734,0.548,3.54,0.978,0.93,0.802,0.733,1.034,0.698,0.835,0.674,0.773,3.53,LAD,COL
0918,0.624,0.972,0.822,0.529,0.596,0.57,0.444,0.401,0.424,6.35,0.666,0.73,0.913,0.887,0.771,0.649,0.625,0.633,0.728,10.32,STL,PIT
0918,0.78,0.926,0.907,0.963,0.77,0.746,0.693,.558,0.583,4.38,0.706,0.907,0.864,0.846,0.767,0.481,0.884,0.2,0.615,5.01,PHI,TOR
0918,0.699,.811,0.805,0.699,0.801,0.844,1.025,0.474,0.692,1.69,0.995,1.178,0.721,0.635,0.784,0.696,0.56,0.167,0.603,5.06,WSH,MIA
0918,,0.816,0.758,0.797,0.707,0.927,.667,0.435,0.691,3.86,0.703,0.776,1.018,0.917,0.698,0.706,0.792,0.555,1.295,2.45,CHW,CIN
0918,0.729,0.942,0.684,0.935,0.743,0.688,0.625,0.606,0.526,9.27,0.789,0.729,0.912,0.671,0.815,0.75,0.63,0.473,0.648,2.2,CLE,DET
0918,0.9,0.802,0.984,.709,1.034,0.908,1.033,0.635,0.66,8.63,0.962,1.113,1.001,0.902,0.793,0.906,0.701,0.72,0.709,1.98,ATL,NYM
0918,0.893,0.894,0.842,0.664,0.725,0.793,0.758,0.63,.800,4.33,1.067,1.02,1.1,1.001,0.772,0.787,0.876,0.627,0.986,4.76,NYY,BOS
0918,0.706,0.907,0.864,0.846,0.854,0.481,0.615,0.2,0.667,4.05,0.78,0.926,0.907,0.963,0.77,0.746,0.701,0.618,0.621,7.04,TOR,PHI
0918,0.714,0.712,0.988,0.979,0.809,0.535,0.731,0.471,0.495,5.03,0.711,1.067,0.933,0.988,0.979,0.7,0.703,0.826,0.514,4.47,TB,BAL
0918,0.666,0.73,0.913,0.887,0.771,0.633,0.649,0.458,0.48,6.23,0.596,0.972,0.822,0.709,0.529,0.684,0.57,0.739,0.222,5.5,PIT,STL
0918,0.745,0.942,0.751,0.846,.669,0.777,0.443,0.668,0.708,4.46,0.963,0.959,0.832,0.72,0.704,0.853,0.869,0.576,0.687,4.32,LAD,COL
0918,0.833,0.589,0.853,0.825,0.832,0.736,0.729,0.688,0.76,3.77,0.472,.435,0.822,0.835,0.769,0.7,0.686,0.582,0.599,3.15,ARI,HOU
0918,0.756,0.779,0.816,0.926,0.778,1.036,0.657,0.621,0.755,5.4,0.796,0.564,0.974,0.784,0.789,0.655,0.618,.770,0.607,4.24,KC,MIL
0918,0.699,.811,0.844,0.805,0.801,1.025,0.714,0.4,0.548,3.32,0.995,1.178,0.721,0.737,0.814,0.56,1.333,0.694,0.603,7.5,WSH,MIA
0918,0.746,0.609,0.735,0.72,0.627,0.927,.756,0.829,0.624,3.29,0.894,0.835,1.04,0.786,0.821,0.474,0.612,0.677,0.621,3.81,MIN,CHC
0918,0.804,1.114,1.03,0.933,0.67,0.681,0.854,0.772,0.728,3.38,0.67,0.657,0.733,0.723,0.794,0.744,,0.311,0.406,3.45,TEX,LAA
0918,0.818,0.7,0.761,0.751,1.409,0.832,0.815,0.722,0.651,2.92,0.893,0.889,0.987,0.876,0.792,0.799,0.953,0.636,0.729,4.96,SF,OAK
0918,0.668,0.859,0.865,0.793,.870,0.831,.855,0.555,.716,5.35,0.951,0.97,0.758,0.485,0.984,0.608,0.9,0.777,0.821,4.74,SD,SEA
0919,0.822,0.703,0.752,0.762,0.695,1.171,0.794,0.713,0.593,4.32,1.006,0.867,0.927,0.856,0.781,0.712,0.564,0.629,0.933,4.05,SF,OAK
0919,0.718,0.958,0.808,0.865,0.778,0.809,0.47,0.896,0.748,6.46,0.785,0.888,0.994,0.894,0.771,0.706,.549,0.684,0.621,3.0,TOR,PHI
0919,0.735,0.95,0.914,0.736,0.652,0.607,0.333,0.246,0.531,3.94,0.786,0.721,0.914,0.657,0.805,0.737,0.489,0.43,0.397,3.91,0.676,CLE
0919,0.955,.796,0.865,0.817,0.857,0.753,0.724,0.444,0.577,4.02,0.978,1.173,0.71,0.641,0.793,0.718,0.579,0.347,0.619,4.1,WSH,MIA
0919,0.618,0.914,0.675,0.794,0.701,0.743,0.562,0.628,0.38,5.06,0.665,0.731,0.922,0.862,0.751,0.643,0.653,0.524,0.74,0.63,STL,PIT
0919,0.683,0.825,0.8,0.787,1.417,0.705,0.724,0.439,0.864,1.71,0.983,0.765,1.007,0.908,0.677,0.698,0.775,0.569,0.732,2.19,CHW,CIN
0919,0.918,0.969,0.81,1.018,0.906,0.754,0.891,0.741,.263,4.17,0.997,1.128,1.019,0.947,0.892,0.788,0.771,0.725,0.74,1.64,ATL,NYM
0919,0.844,0.601,0.856,0.799,0.841,0.724,0.669,0.672,0.737,3.22,0.591,.440,0.466,0.875,0.583,0.752,0.754,0.284,0.352,6.7,ARI,HOU
0919,0.744,0.796,0.839,0.952,0.776,0.852,0.704,0.616,0.816,1.98,0.796,0.582,1.036,0.775,0.659,0.772,0.634,0.58,0.599,4.5,KC,MIL
0919,.949,0.875,0.844,0.643,0.723,0.751,0.898,0.599,,5.57,1.056,0.966,0.721,0.985,0.868,0.973,0.643,0.833,0.549,3.96,NYY,BOS
0919,0.695,0.901,0.932,0.954,0.788,0.804,0.708,0.73,0.603,5.23,0.729,0.937,0.938,0.968,0.722,0.956,0.754,.647,0.52,5.14,TB,BAL
0919,0.738,0.937,0.749,0.843,.692,0.875,0.727,0.713,0.439,8.68,0.987,0.719,0.802,0.737,0.832,0.845,0.879,0.655,0.724,2.28,LAD,COL
0919,0.941,0.61,0.737,0.749,0.719,0.617,0.907,0.732,0.605,3.93,0.716,0.894,0.777,0.807,0.692,0.667,0.609,0.523,0.606,3.57,MIN,CHC
0919,0.801,1.086,1.027,0.94,0.734,0.635,0.785,0.828,0.72,4.02,0.641,0.644,0.717,0.559,0.714,,0.786,0.371,0.586,2.4,TEX,LAA
0919,0.653,0.844,0.855,0.777,.859,0.812,.790,0.589,0.672,4.06,0.935,1.003,0.778,0.962,0.886,0.617,0.906,0.77,0.812,5.52,SD,SEA
0920,0.7,0.619,0.956,0.786,0.767,0.921,0.746,0.712,0.421,5.63,0.684,1.011,0.755,0.929,0.806,0.927,0.69,0.619,0.723,3.97,TB,BAL
0920,0.756,0.858,0.65,0.903,0.738,0.584,0.0,0.404,0.529,0.0,1.048,0.988,0.788,1.104,0.757,0.743,1.017,0.662,0.552,3.28,NYY,BOS
0920,,0.819,0.812,0.778,0.707,0.925,.575,0.667,0.726,4.56,1.012,0.738,1.021,0.89,0.657,0.95,0.593,0.758,0.974,3.2,CHW,CIN
0920,0.745,0.911,0.679,0.905,0.636,0.604,0.59,0.339,0.553,6.75,0.786,0.727,0.911,0.644,0.815,0.62,0.382,0.56,0.671,3.27,CLE,DET
0920,0.726,0.804,0.922,0.86,0.681,1.005,0.708,0.776,0.674,3.45,0.962,1.139,0.718,0.636,0.569,0.759,0.729,0.579,0.585,4.04,WSH,MIA
0920,0.92,0.963,0.796,1.024,0.943,0.739,0.888,0.744,0.64,6.06,0.994,1.101,1.007,0.966,0.919,0.751,0.733,0.777,0.733,7.2,ATL,NYM
0920,0.836,0.604,0.775,0.86,0.721,0.838,0.712,0.572,0.636,2.7,0.44,0.684,0.826,0.895,0.57,0.752,0.707,0.598,0.596,8.53,ARI,HOU
0920,0.725,0.794,0.855,1.035,0.764,0.948,0.63,0.703,0.57,5.26,0.781,0.57,1.018,0.77,0.767,0.646,.723,0.0,0.601,2.06,KC,MIL
0920,0.723,0.948,0.878,0.847,0.789,0.763,0.477,0.585,1.5,,0.783,0.85,0.982,0.875,0.758,0.733,0.698,1.278,0.61,3.05,TOR,PHI
0920,0.739,.742,0.83,0.929,0.833,0.468,0.652,0.684,0.712,3.3,0.854,0.958,0.824,0.704,0.739,1.012,0.825,0.61,0.0,1.51,LAD,COL
0920,0.834,0.711,0.743,0.764,0.689,0.635,1.189,0.701,0.813,5.40,0.947,0.837,0.981,0.904,0.774,0.711,0.807,0.542,0.544,5.06,SF,OAK
0920,0.611,0.615,0.786,0.685,0.683,0.531,0.465,0.427,0.467,5.74,0.729,0.739,0.909,0.857,0.666,0.619,0.638,0.502,0.5,5.52,STL,PIT
0920,0.802,1.052,1.016,0.931,0.672,0.693,0.795,0.718,0.728,8.9,0.689,,0.709,0.714,0.583,0.726,0.72,0.775,0.481,1.42,TEX,LAA
0920,0.65,0.841,0.864,0.774,.868,0.776,0.587,0.672,0.256,4.11,0.807,0.941,0.874,1.003,0.477,0.971,0.892,.833,0.764,2.12,SD,SEA
0920,0.708,.796,0.922,0.86,0.804,0.681,0.776,0.63,0.47,,0.962,1.139,0.718,0.719,0.792,0.579,0.667,0.686,0.616,3.86,WSH,MIA
0920,0.921,0.722,0.591,0.703,0.739,0.93,0.618,0.633,0.804,1.86,0.694,0.863,0.797,0.818,0.639,0.674,0.468,0.614,0.602,4.15,MIN,CHC
0921,0.795,1.022,1.005,0.919,0.663,0.695,0.79,0.797,0.709,3.12,0.667,,0.701,0.727,0.651,0.632,0.763,0.807,0.552,5.18,TEX,LAA
0921,0.855,0.976,1.16,0.758,0.563,0.769,0.766,0.561,0.632,7.38,0.721,0.927,0.886,0.845,0.79,0.815,0.925,0.457,0.594,2.62,PHI,WSH
0921,0.774,0.724,0.942,0.642,0.82,0.711,0.49,0.579,0.664,3.8,0.996,0.705,0.779,1.032,0.872,0.674,0.757,0.574,0.766,2.33,CHW,CLE
0921,0.78,0.878,0.994,0.878,0.743,0.719,.518,0.473,1.25,4.91,1.033,0.946,1.033,1.002,0.754,0.768,0.859,0.649,0.746,6.75,NYY,TOR
0921,,0.806,0.813,0.772,0.705,0.927,.594,0.705,0.859,3.03,0.708,0.802,0.86,1.197,0.759,0.909,0.648,0.685,0.577,3.45,MIL,CIN
0921,0.614,0.988,0.679,0.77,0.674,0.52,0.721,0.605,0.474,4.79,0.91,0.718,0.747,0.699,0.588,0.914,0.606,0.808,0.622,4.91,CHC,PIT
0921,1.037,1.097,1.005,0.968,0.892,0.773,0.717,0.742,0.763,5.3,0.725,.795,0.788,0.686,0.832,0.886,0.992,0.723,0.649,6.0,MIA,ATL
0921,0.911,0.881,0.786,1.006,0.924,0.727,0.662,0.465,0.663,2.09,0.734,0.933,0.817,0.853,0.735,0.679,0.731,.618,0.59,2.74,TB,NYM
0921,0.785,0.559,1.025,0.787,0.765,0.746,0.638,0.506,0.589,3.86,0.661,0.72,0.917,0.717,0.658,0.621,0.647,0.832,0.514,2.87,STL,KC
0921,0.634,0.869,0.849,0.761,.798,0.759,.840,0.593,0.674,3.49,0.541,0.59,0.787,0.847,0.716,0.836,0.699,0.672,0.73,4.87,HOU,SEA
0921,0.877,0.985,0.87,0.963,0.835,0.751,0.724,0.606,0.645,4.78,0.733,.726,0.823,0.928,0.872,0.679,0.64,0.792,0.697,4.33,0.585,COL
0922,0.798,0.967,1.151,0.77,0.585,0.735,0.739,0.771,0.637,7.17,0.712,0.908,0.895,0.838,0.883,0.78,0.8,0.71,0.582,2.92,PHI,WSH
0922,0.798,0.967,1.151,0.753,0.585,0.739,0.621,0.0,0.715,,0.712,0.895,0.908,0.883,0.838,0.78,0.911,0.481,0.588,4.5,PHI,WSH
0922,0.775,0.735,0.971,0.661,0.806,0.688,0.468,0.58,0.65,2.52,0.98,0.693,1.025,0.899,0.656,0.897,0.756,0.571,0.777,5.4,CHW,CLE
0922,0.775,0.874,0.988,0.761,0.767,0.856,0.696,1.181,1.021,6.41,1.032,0.924,0.776,0.982,0.752,0.862,0.984,0.733,0.8,3.0,NYY,TOR
0922,0.761,0.805,0.803,0.801,0.758,1.223,0.68,0.66,0.896,3.94,0.787,0.81,0.83,1.170,0.939,0.684,0.52,0.746,0.871,4.38,MIL,CIN
0922,0.611,0.988,0.483,0.664,0.703,0.527,0.662,0.595,0.0,4.04,0.896,0.739,0.713,0.604,0.717,0.737,.631,.056,0.577,6.0,CHC,PIT
0922,1.04,1.084,0.996,0.956,0.883,0.783,0.719,0.718,0.766,7.04,0.726,.786,0.871,0.668,0.821,0.788,1.001,0.732,0.666,6.0,MIA,ATL
0922,0.884,0.777,0.982,.613,0.9,0.713,0.647,.452,.435,4.34,0.728,0.929,0.993,0.913,0.748,0.807,0.719,.593,0.495,3.05,TB,NYM
0922,0.894,0.862,0.837,0.66,0.76,0.768,0.968,0.651,0.527,15.88,0.677,0.614,0.919,0.79,0.904,0.761,0.706,0.699,0.4,3.38,BAL,BOS
0922,0.88,0.894,0.787,0.799,0.44,0.736,0.606,0.844,0.51,3.6,0.729,0.897,0.692,0.894,,0.617,0.587,0.55,0.334,6.17,DET,MIN
0922,0.789,0.557,1.009,0.796,0.776,0.755,.720,0.48,0.578,4.14,0.652,0.723,0.908,0.641,0.669,0.832,0.814,0.497,0.722,2.37,STL,KC
0922,0.578,0.731,0.819,0.894,0.569,0.747,0.723,0.729,0.579,4.50,0.654,0.673,0.722,0.718,0.611,0.762,0.673,0.385,0.342,7.07,TEX,ARI
0922,0.798,0.931,0.98,0.852,0.613,0.543,0.989,0.704,0.886,2.69,0.795,1.035,1.006,0.91,0.713,0.705,0.767,0.806,0.453,4.29,LAA,SD
0922,0.632,.826,0.853,0.756,.772,0.613,0.682,0.574,.636,6.35,0.886,0.613,0.864,0.764,0.845,0.701,0.7,0.668,0.709,3.82,HOU,SEA
0922,0.973,0.952,0.703,0.746,1.002,0.869,0.644,0.842,0.806,2.68,0.816,0.782,0.703,0.762,0.738,1.144,0.67,0.652,0.814,5.86,OAK,LAD
0922,0.944,0.814,0.877,0.906,0.734,0.713,0.733,0.585,0.507,3.94,0.71,.776,0.913,0.827,0.867,0.708,0.692,0.691,0.53,3.75,COL,SF
0923,0.802,0.886,0.983,0.83,0.6,0.979,0.61,.673,0.761,3.00,0.779,1.016,1.004,0.897,0.662,0.68,0.791,0.671,0.483,3.26,LAA,SD
0923,0.934,0.737,1.164,0.768,0.573,0.733,0.712,0.917,0.725,4.36,0.71,0.893,0.893,0.877,0.835,0.797,0.764,0.888,0.517,4.28,PHI,WSH
0923,0.702,0.726,0.809,0.578,0.878,0.729,0.603,0.596,0.349,5.44,0.648,0.666,0.715,0.703,0.736,,0.746,0.294,0.452,4.41,TEX,ARI
0923,0.771,0.753,0.979,0.648,0.809,0.666,0.642,0.448,0.367,1.74,0.97,0.675,1.029,0.892,0.681,0.875,0.741,0.819,0.765,3.53,CHW,CLE
0923,0.788,0.842,0.966,0.765,0.759,0.843,0.704,0.678,0.589,5.94,1.012,0.939,1.002,0.962,0.777,0.795,0.895,0.632,0.957,3.27,NYY,TOR
0923,,0.814,0.786,0.784,0.781,0.918,0.708,0.689,0.687,1.8,0.686,0.801,0.932,1.109,0.744,0.764,0.67,0.563,0.805,5.33,MIL,CIN
0923,0.639,0.837,0.766,.799,0.727,.751,0.598,0.666,0.446,5.35,0.872,0.596,0.877,0.775,0.869,0.691,0.693,0.625,0.735,3.9,HOU,SEA
0923,0.602,0.982,0.751,0.538,0.48,0.405,0.668,0.722,0.0,6.7,0.886,0.741,0.74,0.702,.652,0.912,0.592,0.79,0.729,2.93,CHC,PIT
0923,1.026,1.106,1.042,0.843,0.695,0.784,0.607,0.728,0.566,1.96,0.966,.804,0.8,0.804,0.857,0.732,0.743,0.735,0.636,2.75,MIA,ATL
0923,0.907,0.944,0.886,0.74,0.986,0.922,.599,0.719,0.677,6.75,0.721,0.92,0.916,0.849,0.666,0.754,0.817,0.663,0.565,4.21,TB,NYM
0923,0.891,0.842,0.833,0.684,0.777,0.724,1.008,0.657,.896,4.25,0.692,0.915,0.878,0.803,0.785,0.616,0.718,0.729,0.733,1.69,BAL,BOS
0923,0.885,0.769,0.875,0.787,0.788,0.629,0.675,0.592,0.806,2.52,0.727,0.905,0.695,0.896,0.605,0.786,0.762,0.452,0.548,6.08,DET,MIN
0923,0.784,0.566,0.978,0.775,0.771,0.744,0.622,0.416,0.58,5.01,0.668,0.713,0.907,0.697,0.649,0.534,0.791,0.572,0.707,8.4,STL,KC
0923,0.96,0.986,0.811,0.722,0.963,0.851,0.769,0.879,0.687,0.0,0.807,0.795,0.689,.643,0.743,0.652,0.636,0.693,0.6,4.5,OAK,LAD
0923,1.033,0.964,0.868,0.983,0.807,0.718,0.707,0.627,0.317,4.58,0.713,.823,0.906,0.811,0.822,0.674,0.606,0.791,0.686,5.59,COL,SF
0924,0.626,1.026,0.763,0.65,0.536,0.598,0.0,0.384,0.464,5.03,0.752,0.725,0.907,0.701,.730,0.78,0.581,0.638,0.716,4.14,CHC,PIT
0924,0.97,0.986,0.8,1.018,0.785,0.745,0.732,0.643,0.375,3.76,0.726,.806,0.898,0.824,0.781,0.684,0.694,0.757,0.519,7.53,COL,SF
0924,0.979,1.19,0.744,0.753,0.723,0.818,0.7,0.695,0.626,4.76,0.885,0.768,0.992,0.741,0.899,.708,0.627,.598,.511,3.8,NYM,WSH
0924,0.772,0.74,0.975,0.682,0.796,0.679,0.354,0.455,0.651,1.85,0.95,0.689,0.774,1.021,0.889,0.685,0.578,0.944,0.857,2.04,CHW,CLE
0924,0.796,0.868,0.956,0.763,0.765,0.851,1.092,.474,0.705,3.0,1.012,0.96,0.784,0.945,0.754,0.901,0.94,0.841,0.726,5.12,NYY,TOR
0924,1.016,1.095,1.041,0.936,0.849,0.878,0.807,0.7,0.639,2.36,0.737,.789,0.811,0.831,0.871,0.668,0.934,0.614,0.717,3.96,MIA,ATL
0924,0.891,0.836,0.839,0.682,0.767,0.778,0.951,0.66,.882,3.88,0.702,0.921,0.899,0.737,0.678,0.751,0.702,0.665,0.665,4.76,BAL,BOS
0924,0.776,0.583,1.038,0.78,0.765,0.612,0.614,0.758,0.584,3.97,0.719,0.909,0.729,0.881,0.589,0.0,0.568,0.59,0.456,8.17,DET,KC
0924,0.67,,0.721,0.688,0.66,0.592,0.752,0.293,0.513,2.53,0.875,0.591,0.856,0.763,0.859,0.687,0.689,0.668,0.615,3.33,HOU,TEX
0924,0.664,0.698,0.904,0.631,0.676,0.85,0.678,0.796,0.562,1.59,0.705,0.785,0.808,0.916,0.73,0.827,0.676,0.606,0.767,1.77,MIL,STL
0924,0.942,0.986,0.808,0.733,0.927,0.778,0.833,0.639,0.878,3.86,0.806,0.794,0.682,0.75,0.747,0.717,.609,0.661,0.798,4.67,OAK,LAD
0925,0.664,0.701,0.898,0.68,0.685,0.791,0.619,0.634,0.718,4.84,0.693,0.773,0.798,.730,0.735,0.897,0.561,0.678,0.561,3.58,MIL,STL
0925,.598,0.864,0.944,0.768,0.793,0.694,0.965,0.661,0.688,2.86,0.737,0.931,0.878,0.878,0.727,0.714,0.767,1.003,0.668,5.11,BAL,TOR
0925,0.614,0.728,0.8,0.87,0.586,0.767,0.724,0.713,0.617,3.0,0.714,.813,0.897,0.824,0.782,0.694,0.745,0.564,0.693,3.13,COL,ARI
0925,0.775,1.05,0.781,0.827,0.703,0.958,0.644,.595,0.575,4.64,0.746,0.884,0.945,0.868,0.849,0.797,0.731,0.919,0.493,5.46,PHI,TB
0925,0.996,0.896,0.781,0.915,0.956,0.91,0.742,0.611,0.937,3.25,0.752,.781,0.834,0.811,0.858,0.715,0.722,0.904,0.601,3.12,MIA,NYY
0925,0.997,0.831,1.041,0.878,0.808,0.713,0.694,0.704,0.59,5.74,0.881,.866,0.682,0.772,0.808,0.96,0.365,0.655,0.566,5.4,BOS,ATL
0925,0.765,0.758,0.992,0.669,0.791,0.655,0.625,0.528,0.632,2.9,0.645,0.998,0.812,0.67,0.537,0.635,0.657,0.364,0.721,3.24,PIT,CLE
0925,0.939,0.974,0.855,1.029,0.79,0.741,0.796,0.728,0.644,4.53,0.93,0.979,0.857,0.959,0.654,0.885,0.597,0.777,0.788,4.23,SD,SF
0925,0.931,0.696,0.755,1.011,0.672,0.58,0.726,0.778,0.754,3.52,0.873,0.758,0.721,0.898,0.579,0.687,0.621,0.786,0.578,2.22,CHC,CHW
0925,0.768,0.609,1.058,0.8,0.602,0.766,0.607,0.733,0.578,2.77,0.728,0.944,0.755,0.833,0.583,0.55,0.473,0.593,0.459,3.83,DET,KC
0925,0.713,,0.663,0.674,0.576,0.862,0.839,0.737,0.422,1.53,0.907,0.629,0.854,0.819,0.845,0.674,0.685,0.699,0.729,2.78,HOU,TEX
0925,0.751,0.851,1.026,0.804,0.858,0.771,0.672,0.482,0.6,3.72,,0.799,0.804,0.804,0.781,0.938,0.638,0.674,0.686,3.57,CIN,MIN
0925,0.619,0.482,0.693,0.773,0.798,.730,0.735,0.897,0.561,4.81,0.664,0.701,0.898,0.623,0.718,0.791,0.634,0.84,0.68,5.74,0.678,0.715
0925,0.93,0.994,0.82,0.719,0.939,0.791,0.823,0.676,0.706,2.15,0.796,0.959,0.987,0.914,0.689,0.71,0.932,0.754,0.463,4.02,LAA,LAD
0925,0.685,0.796,0.712,0.732,0.745,0.607,0.648,.586,0.822,2.57,0.633,0.84,0.776,.824,0.725,0.585,0.661,0.498,0.273,5.93,SEA,OAK
0925,0.778,.424,0.8,0.767,0.713,0.724,0.498,0.735,0.329,3.99,0.714,.813,0.897,0.824,0.782,0.694,0.719,0.693,0.518,8.44,COL,ARI
0925,0.788,0.93,0.979,0.857,0.959,0.498,0.597,.588,0.568,2.07,0.939,0.974,0.855,1.029,0.79,0.741,0.796,0.728,0.644,9.88,SF,SD
0926,0.978,0.91,0.886,0.957,0.886,0.788,0.921,0.625,0.576,4.88,0.789,0.728,0.872,0.673,0.686,0.615,0.451,0.445,0.892,6.84,MIA,NYY
0926,0.978,0.969,1.189,0.813,0.547,0.724,0.673,0.766,0.615,3.67,0.9,0.862,0.774,1.009,0.896,0.739,0.738,0.86,0.663,2.14,NYM,WSH
0926,0.683,0.793,0.726,0.768,0.738,0.627,0.64,.595,0.518,5.92,0.64,.833,0.824,0.77,.736,0.579,0.642,.653,0.408,3.75,SEA,OAK
0926,0.978,0.969,1.189,0.813,0.547,0.719,0.673,0.766,0.676,6.8,0.9,0.862,0.896,0.739,.718,0.86,0.619,.584,.680,5.46,NYM,WSH
0926,0.795,.491,0.93,0.796,0.844,0.74,1.028,0.666,1.033,2.84,0.706,0.941,0.894,0.854,0.727,0.711,0.724,1.054,0.686,5.02,BAL,TOR
0926,0.764,0.646,1.029,0.794,0.748,0.784,0.616,.670,0.571,3.46,0.847,0.931,0.741,0.561,0.595,0.577,0.575,0.125,0.511,6.96,DET,KC
0926,0.685,,0.722,0.673,0.649,0.559,0.731,0.766,0.529,5.87,0.513,0.619,0.829,0.842,0.667,0.705,0.695,0.524,0.425,4.24,HOU,TEX
0926,0.683,0.711,0.889,0.824,0.671,0.684,0.644,0.754,0.656,3.05,0.684,0.785,0.766,1.009,0.733,0.866,0.584,0.684,0.547,3.43,MIL,STL
0926,1.046,0.928,0.82,0.711,0.953,0.702,0.677,.738,0.569,1.85,0.732,0.887,0.963,0.848,0.78,0.849,0.757,0.52,0.597,2.67,PHI,TB
0926,1.01,1.105,1.058,0.929,0.817,0.858,0.8,0.602,0.537,,0.858,0.823,0.84,0.681,0.766,0.786,0.964,0.641,.757,0.0,BOS,ATL
0926,0.922,0.682,0.994,0.659,0.831,0.725,0.786,0.567,0.731,3.19,0.862,0.76,0.768,0.87,0.583,0.712,0.602,0.771,0.655,4.4,CHC,CHW
0926,0.767,0.76,0.981,0.663,0.782,0.646,0.684,0.477,0.646,3.99,0.663,0.992,0.802,0.673,0.556,0.621,0.642,0.46,0.698,4.68,PIT,CLE
0926,0.748,0.673,0.803,1.015,0.698,0.683,0.598,0.834,0.547,3.18,,0.932,0.79,0.784,0.833,0.719,.557,0.638,0.913,2.86,CIN,MIN
0926,0.642,0.731,0.809,0.867,0.598,0.788,0.791,.484,0.406,6.51,0.744,.830,0.822,0.882,0.768,0.612,0.569,0.717,0.685,4.1,COL,ARI
0926,0.925,0.978,0.871,0.734,0.783,0.973,0.651,0.867,0.836,1.77,0.802,0.983,0.684,0.674,0.924,0.743,0.464,,0.0,9.49,LAA,LAD
0926,0.952,0.955,0.849,1.025,0.828,0.741,0.799,0.717,0.502,5.53,0.826,0.933,0.963,0.847,0.622,0.474,0.676,0.87,0.772,2.85,SD,SF
0927,0.609,0.776,0.677,1.013,0.789,0.738,0.755,.747,0.561,4.4,0.71,0.519,0.613,0.091,0.542,0.623,0.464,0.585,0.518,9.64,DET,KC
0927,1.004,0.896,0.811,0.958,0.88,0.73,0.725,0.634,0.615,7.71,0.721,.770,0.823,0.798,0.693,0.735,0.455,0.558,0.715,6.0,MIA,NYY
0927,0.966,0.952,0.897,0.821,1.031,0.726,0.712,0.78,0.62,3.38,0.943,0.959,0.692,0.943,0.551,0.646,0.85,.635,0.766,4.86,SD,SF
0927,0.712,0.699,0.708,0.68,0.671,0.557,1.165,0.763,0.719,7.08,0.912,0.607,0.838,0.817,0.699,0.661,0.681,0.701,0.536,14.73,HOU,TEX
0927,1.117,0.97,1.177,0.696,0.759,0.541,0.758,0.653,0.604,6.25,0.891,0.911,0.774,.714,0.685,0.795,0.633,.526,0.5,3.82,NYM,WSH
0927,0.812,0.861,0.782,0.799,0.836,0.722,.509,0.914,0.682,7.01,0.732,0.817,0.881,0.804,0.712,0.711,0.757,0.789,0.685,3.57,BAL,TOR
0927,0.848,0.715,0.795,0.85,0.596,0.716,0.666,0.727,0.618,7.36,0.756,0.759,0.815,0.889,0.679,0.73,0.686,0.698,0.515,3.69,COL,ARI
0927,0.789,1.113,1.055,.546,0.84,0.688,0.816,0.711,0.519,4.26,0.787,0.805,0.845,0.672,0.849,0.98,0.637,0.35,0.543,1.80,BOS,ATL
0927,0.9,0.706,0.745,0.994,0.639,0.727,0.574,0.766,0.755,4.68,.171,.695,0.705,0.619,0.603,0.655,0.688,0.758,0.581,3.31,CHC,CHW
0927,0.765,0.762,0.977,0.654,0.783,0.525,0.697,0.467,0.341,1.54,0.648,1.088,0.819,0.679,0.635,0.628,0.391,0.542,,4.46,PIT,CLE
0927,0.829,0.96,0.867,0.73,1.014,0.849,0.678,0.675,0.671,1.4,0.816,0.994,0.732,0.662,0.49,0.762,0.725,0.5,1.75,5.56,LAA,LAD
0927,0.866,0.774,0.748,1.004,0.805,0.686,0.762,0.67,0.602,3.27,0.662,0.795,0.8,0.776,0.813,0.621,,0.63,0.412,3.73,0.665,CIN
0927,0.686,0.803,0.617,0.783,0.745,0.711,0.645,.777,0.812,6.32,0.668,0.809,0.803,.821,0.612,0.684,0.66,0.545,0.364,3.06,SEA,OAK
0927,0.73,0.927,1.036,0.734,0.775,0.634,.697,0.909,0.483,3.42,0.77,0.884,0.961,0.84,0.785,0.833,0.741,0.502,0.581,3.06,PHI,TB
0927,0.679,0.698,0.871,0.638,0.671,0.671,0.729,0.716,0.625,1.8,0.677,0.779,0.781,0.849,1.029,0.719,0.725,0.607,0.715,4.0,MIL,STL
